,0,1,2,3,4,5,6,7,8,9,10,11,12
0,0.45191189498208467,0.3792681467634802,0.5709324274545766,0.7566780676900479,1.2048947913513501,0.01853401699009761,0.020889500343126793,0.017511769504419687,0.015818420855237686,0.013196519059009563,"[2000, 2000]",0.001,relu
1,0.45304810055959355,0.4805443800039305,0.7031268277619429,0.9479606625187185,1.2438493212335755,0.051105254289821635,0.048874993003580704,0.047226310308764216,0.04027236592844628,0.03543881797282009,"[2000, 2000]",0.0035037593984962407,relu
2,0.26925814639537515,0.51513995973887,0.799088052821571,0.8158008662925572,1.1593391237919188,0.07558259935361435,0.06925390771240066,0.06888669799253422,0.05848983463504971,0.06016648044817427,"[2000, 2000]",0.0060075187969924814,relu
3,0.3560478651827698,0.5400570086183174,0.6180652802692947,0.8490687661415236,1.0512596566800914,0.10225996397659466,0.08602139857181598,0.08269474508871806,0.07989515113274058,0.0762196586966455,"[2000, 2000]",0.008511278195488723,relu
4,0.5074703181865524,0.5069224698005101,0.7080851495949159,0.8555860038216307,1.035806209519734,0.11522541761308246,0.12218848436187948,0.09190749676689444,0.08899095373534807,0.09089790662879359,"[2000, 2000]",0.011015037593984964,relu
5,0.4939389177759863,0.6242653865930204,0.8514924241702387,0.9498401907715246,0.9286483033954589,0.12343673020761708,0.1299821145799101,0.11557734581046224,0.09535753263686088,0.10343228486710372,"[2000, 2000]",0.013518796992481204,relu
6,0.46216148408310265,0.5538621155857454,0.5297043489829267,0.6482490103420334,1.1841866617349364,0.13758022306173845,0.14989079424109633,0.12371395078217054,0.12030656602421945,0.10992785090138987,"[2000, 2000]",0.016022556390977445,relu
7,0.4262347620457866,0.6326554381521855,0.8425858414163239,0.8290206519667485,1.063826744036419,0.17351297484467548,0.17143443450508677,0.1530303919370401,0.15386042067395972,0.14592549416901598,"[2000, 2000]",0.018526315789473686,relu
8,0.5052753408433328,0.6709077935863493,0.7316182858215197,0.6746436942322882,0.9757028309263596,0.1785995161527467,0.16105950816557676,0.14567922437868186,0.15733717619434268,0.14467913639269028,"[2000, 2000]",0.021030075187969927,relu
9,0.5337049951225223,0.40292783074095057,0.7678256292286197,0.795435412071511,0.8490779786935011,0.17232864803987327,0.17207360149958134,0.1449143358452281,0.15044649905562743,0.12770464768321946,"[2000, 2000]",0.023533834586466167,relu
10,0.6090547969491784,0.6846386989965749,0.9196466693739502,0.9388547333688589,1.047404690616147,0.21279182079188083,0.19835554773004074,0.17496481591452168,0.17645501469134683,0.16218222211996222,"[2000, 2000]",0.026037593984962408,relu
11,0.52350853641266,0.553930094433678,0.6789954870940632,0.8924482232025244,1.2473767636101918,0.21129068660330894,0.20435482174168318,0.18668426104501779,0.1809082278048993,0.1584088020552632,"[2000, 2000]",0.02854135338345865,relu
12,0.47920437502137564,0.5875943577330559,0.6909336029966873,0.8845789024080697,1.0285827724846717,0.24195338134011682,0.23201374754849777,0.21021725866405186,0.1974348768568258,0.18317955810649098,"[2000, 2000]",0.03104511278195489,relu
13,0.5405271015619737,0.5676112291503412,0.7323774365789345,0.8627581336736286,1.0787830228389785,0.23547640003030393,0.2233280096688104,0.21422351500044004,0.21540575741607998,0.19850696809546534,"[2000, 2000]",0.033548872180451134,relu
14,0.5645915686255039,0.6671367564578529,0.8580005079902622,0.9200430975475096,0.9235163163088365,0.2647763637244455,0.2459181352068808,0.23572068406724764,0.21350025690348354,0.22364777356693885,"[2000, 2000]",0.03605263157894737,relu
15,0.7292395099390862,0.5934443018154569,0.8547043765617783,0.8857191906259205,1.0938376519756792,0.273138408717472,0.2387296252594239,0.24239541013369953,0.23859352238436232,0.21608396140463298,"[2000, 2000]",0.03855639097744361,relu
16,0.8652065550726954,0.6056152471703553,0.7615001434347299,0.7654062658140766,1.1012114088795626,0.26662786918123965,0.2626408022340676,0.24392471738108995,0.23325218958206848,0.2045022482341935,"[2000, 2000]",0.04106015037593985,relu
17,0.4709176042792666,0.6442638179172484,0.696284416350819,0.8758424658104761,0.9305291227164525,0.24469046939742556,0.2543967162671219,0.24482480194434597,0.23065402740222132,0.2191338300449951,"[2000, 2000]",0.043563909774436096,relu
18,0.42926300483794955,0.5609442557279375,0.7197289029585046,0.8662163277281396,0.8987571401526973,0.2787561794068626,0.26072253746930374,0.23766309847954795,0.24200998419454287,0.22292583233617477,"[2000, 2000]",0.046067669172932334,relu
19,0.718439036983226,0.7934358542835424,0.7006297825829103,0.7836265625802203,1.0871724037119068,0.260907949907218,0.24650576392255721,0.26259353822998444,0.22252134097367487,0.22592541178911338,"[2000, 2000]",0.04857142857142857,relu
20,0.5228764709424357,0.5402959192518307,0.730196869955837,0.9260080531063672,1.025755584491545,0.2904316453124668,0.29275152716987446,0.2500479974255594,0.24276260640851197,0.2275471912387338,"[2000, 2000]",0.051075187969924815,relu
21,0.5688225512480062,0.6234288722814558,0.7222651349673664,1.0314987952976111,1.1528200529292942,0.30242072706810397,0.30219033129184547,0.2979070028899329,0.2638918877975233,0.2471983629888467,"[2000, 2000]",0.05357894736842106,relu
22,0.5910085497910885,0.6361818535641576,0.7172850744955624,0.7161783368361612,1.0201146099633889,0.2929670364056492,0.2921301250236587,0.26464116288417383,0.25930163891049063,0.2486976296995093,"[2000, 2000]",0.0560827067669173,relu
23,0.6890216124909446,0.6542788051023978,0.7443810066083005,0.9319227620880015,1.1123467651924408,0.34751448555368825,0.3413456079457649,0.31624311897196516,0.29281374034571245,0.26451031790664037,"[2000, 2000]",0.058586466165413534,relu
24,0.5630010459051672,0.5890365751367916,0.7542333836427787,0.8336382140874763,1.1697482118823221,0.31487558513350133,0.32201417470636146,0.2889011314015365,0.2697195021087155,0.26248534115492045,"[2000, 2000]",0.06109022556390978,relu
25,0.6761473702183708,0.6013770184104581,0.7624848968516181,0.8054988429281962,1.0513854343016056,0.30765018489800894,0.31145126328895534,0.2579629960895418,0.27902624314782437,0.24390196385984667,"[2000, 2000]",0.06359398496240602,relu
26,0.5487079064474858,0.6647527980535731,0.8379553069300932,0.9575257683523875,0.9493804334201804,0.3611285778354415,0.34239227345454154,0.31448743792990147,0.2902682802376809,0.2949760141436737,"[2000, 2000]",0.06609774436090227,relu
27,0.6378018749802697,0.48032848225701574,0.6765977682025275,0.9208709702712631,0.9027167835096566,0.3270327892627613,0.3230036392337585,0.29711914747390716,0.25298069032138243,0.24765999659760568,"[2000, 2000]",0.0686015037593985,relu
28,0.5395018456507072,0.8340713394068119,0.8101557056164188,0.9416131537511091,1.1493799703666845,0.37492563042453025,0.3509098276728647,0.32156954739356647,0.32334930665301237,0.29693933443491516,"[2000, 2000]",0.07110526315789474,relu
29,0.5715332819095038,0.7104382258661889,0.7905114189803429,0.7830243894736557,1.083188969415795,0.34752869480807863,0.3239772468647796,0.31439130841405705,0.28920718341367546,0.2505094287268624,"[2000, 2000]",0.07360902255639099,relu
30,0.610138156402645,0.6275005311681428,0.7390915657129936,0.9023977538408353,1.0790517843121596,0.37113010725508083,0.3563594377253144,0.33688281700380673,0.29669325564677224,0.28341763138464093,"[2000, 2000]",0.07611278195488722,relu
31,0.5977729289556465,0.7384650018152461,0.7498127538701486,0.8019578191231413,0.9807520619576594,0.3694996821020673,0.3352103351467198,0.31339905057364215,0.31805617136966,0.29322200159365713,"[2000, 2000]",0.07861654135338346,relu
32,0.6665929952110518,0.7580509548723741,0.7307110247494718,1.0124302603340503,0.9693905980149982,0.3931421062541185,0.3804983005954764,0.3521722660881731,0.31422802570783215,0.3210882110785883,"[2000, 2000]",0.0811203007518797,relu
33,0.6549301632716958,0.6502204777463563,0.7499298413786825,0.9278539027705699,0.9816533814844713,0.38819006274404305,0.3620066791722386,0.3496307134654547,0.32688096584810145,0.32879379604455405,"[2000, 2000]",0.08362406015037595,relu
34,0.5746524541021466,0.6661942984749791,0.6895685420539598,0.8592084029989122,0.9852990439638705,0.37361161718380964,0.35859361539757284,0.3532418055613051,0.322536539107845,0.3266967991096264,"[2000, 2000]",0.08612781954887219,relu
35,0.5881776427318822,0.693082971202052,0.7513010455712863,0.850957684811491,1.1930207596089755,0.3573673416050293,0.3585642045184916,0.3394912101680599,0.32031566303112896,0.28309090537370185,"[2000, 2000]",0.08863157894736842,relu
36,0.746066661764417,0.7306110151199897,0.8385731278439041,0.8365336937648047,1.1214848977108283,0.3905578409730044,0.3667468093532125,0.36544923638448606,0.3397723189556264,0.3168883469222972,"[2000, 2000]",0.09113533834586467,relu
37,0.6537855942760553,0.7252759201520006,0.8265090286427977,1.003393361178478,1.1032474477939824,0.37410656996167596,0.3738965073199218,0.35759273560034516,0.3404556809285846,0.32806768398446445,"[2000, 2000]",0.09363909774436091,relu
38,0.8063219308830535,0.7127425506317803,0.6964672257345942,1.0380441716301043,0.9217599932300107,0.3621481879719895,0.37789354704158784,0.3508577675169096,0.31612472311199835,0.34635755925582257,"[2000, 2000]",0.09614285714285714,relu
39,0.6423373058982343,0.6568857210780379,0.8619870013547667,0.9172720058788357,0.9137230466411965,0.3807414537671327,0.3769642942715778,0.34954195390285875,0.35748265145347263,0.34035541057968643,"[2000, 2000]",0.09864661654135339,relu
40,0.6935370759700743,0.5756848598038504,0.7251281110995862,0.9770847351283053,1.0769529857456779,0.3919177942160334,0.37882601662192267,0.35391782026240776,0.33850438653418297,0.32038192863536347,"[2000, 2000]",0.10115037593984963,relu
41,0.6368211349183509,0.6159436230826888,0.8270577930039571,0.9159625471605332,0.9672752336310063,0.39537299078726423,0.4050793336777434,0.36714703922503356,0.33736546854694577,0.3321238165280248,"[2000, 2000]",0.10365413533834587,relu
42,0.7663329239000558,0.6983140065688759,0.8235801228835341,1.0240592834853208,0.9855971960385193,0.43668751723430027,0.4144876047389221,0.3899794520029449,0.38376793890654004,0.3905518272538395,"[2000, 2000]",0.10615789473684212,relu
43,0.6815861483639085,0.7250158367161912,0.8751372575683096,1.1316234516812016,1.0621159952502779,0.414635729042752,0.4073970108701253,0.379976185367193,0.36391498681852275,0.3763868241677982,"[2000, 2000]",0.10866165413533835,relu
44,0.5799766728653857,0.6854254179417772,0.6901834228252743,0.9248609690542604,0.9419499101553357,0.40681514129251795,0.3756192606059475,0.37263999890530414,0.3343612361875477,0.34060074536945695,"[2000, 2000]",0.11116541353383459,relu
45,0.6861154515910473,0.7577719646936596,0.782504516696378,1.0790063955262388,1.0580663352746615,0.4631971417701704,0.42887983726469586,0.3867402005012179,0.38632977631167426,0.35901158747310846,"[2000, 2000]",0.11366917293233084,relu
46,0.669657826376489,0.7178972543438634,0.6932275428450518,0.9623005948905912,1.080751820591765,0.39531019013309887,0.4153434086760738,0.4080154446128056,0.36062267062701997,0.3601508734225877,"[2000, 2000]",0.11617293233082707,relu
47,0.7454419987957317,0.7834538417069705,0.8066277659195215,0.9414910116413122,1.1129059069342082,0.4425339403163413,0.39783055996409555,0.41371743250133775,0.3686527200834164,0.3643557277222369,"[2000, 2000]",0.11867669172932331,relu
48,0.6283087074767325,0.7108289774653817,0.8261831805568262,0.7492759406203355,0.9268664627692834,0.38759376734974743,0.39871149077044543,0.3497881101493225,0.37176808840487197,0.343789984427102,"[2000, 2000]",0.12118045112781956,relu
49,1.0334591095911019,0.7020420343951643,0.8089839000826872,0.8462509525460339,0.9154201432936165,0.4023893596161495,0.38136635665983787,0.35655734048199256,0.37019486313129796,0.3476485664693837,"[2000, 2000]",0.1236842105263158,relu
50,0.5638133609149111,0.7306923623390819,0.7187594891830188,0.7790150904663369,0.9792129783842094,0.39571677272187517,0.3520178775180415,0.3722953734271654,0.3446143538577409,0.32799031599443706,"[2000, 2000]",0.12618796992481204,relu
51,0.6548344780119002,0.6434059726126542,0.798568827498096,0.9347471559971957,1.0301112425653587,0.42726696738350095,0.4096783529919894,0.37792695719208785,0.384364944654071,0.3715337832909674,"[2000, 2000]",0.12869172932330827,relu
52,0.7483288354985661,0.6838704060382502,0.7683680056027387,0.8637150184440049,0.9977334775081856,0.41078130773237354,0.3921416292651287,0.3974959615459494,0.39077169869747,0.3779484996052555,"[2000, 2000]",0.13119548872180453,relu
53,0.6195279438354384,0.6721015433239074,0.8366127266994898,0.9546398691070097,0.952524834758814,0.43014662376477236,0.42389144584301097,0.39660008107687683,0.37852540752606006,0.38716238504499095,"[2000, 2000]",0.13369924812030076,relu
54,0.7601650329868417,0.7425710266492486,0.7823061836747981,0.9813948570718565,0.9284348659257685,0.434605653051444,0.4228453798496803,0.3982418198508189,0.3878748368496885,0.37912323414106924,"[2000, 2000]",0.136203007518797,relu
55,0.7395950015768613,0.7408190679891377,0.836941114352451,0.8737973479464776,1.144131561811213,0.45005234740391864,0.4449204721973261,0.4174625433737265,0.4105491520404627,0.4033627205006119,"[2000, 2000]",0.13870676691729325,relu
56,0.8490656399080322,0.6887240705755121,0.9825570572839045,0.8148375807439715,0.9702452384592305,0.4377745407629223,0.44804827787996837,0.4305688282063316,0.43920092911184605,0.40788421234054584,"[2000, 2000]",0.14121052631578948,relu
57,0.8939263034320122,0.7744393090126637,0.8722902279425975,0.9413218585066481,1.0524195870790816,0.4904613437872479,0.47194375770689173,0.4522085040087378,0.4315662418611181,0.4271947257168579,"[2000, 2000]",0.1437142857142857,relu
58,0.8075604564811306,0.6753159544288722,0.7523048327719364,0.7833235210663757,1.035461293253281,0.4403054564658496,0.4199509867647918,0.4229904284159317,0.41827057063831213,0.3872025530648624,"[2000, 2000]",0.14621804511278197,relu
59,0.7201243269204424,0.7608242953122681,0.9717982819679468,1.0978527006411896,1.1557145382811638,0.4842923973217502,0.4779394323596751,0.44421732390275276,0.4263409144488217,0.4246827796261153,"[2000, 2000]",0.1487218045112782,relu
60,0.680188791439993,0.5567778681289653,0.8844213556833329,1.0451512737607758,1.0673874386918987,0.46541253222687556,0.4653401642534252,0.41217629795930094,0.4097648715684062,0.3833075881058418,"[2000, 2000]",0.15122556390977443,relu
61,0.7221663272056482,0.7922384668890694,0.6895214263134639,1.0177184730113609,1.0263400014385708,0.46649034127829986,0.43641532688686596,0.43986041604425086,0.3849052339006574,0.3829957366893223,"[2000, 2000]",0.1537293233082707,relu
62,0.7560675176455771,0.8347672107947129,0.7420071080382402,0.8831615906617533,1.0525538301334574,0.48350346662642923,0.4539992172233396,0.46987771258968913,0.4384527737895439,0.4166237791304287,"[2000, 2000]",0.15623308270676692,relu
63,0.6201019422678735,0.7326154531948812,0.7651034697956316,0.8941865927127037,1.0839924361412798,0.47448438096432094,0.44122580097096664,0.4602017530184736,0.4058753318504413,0.39539268393851135,"[2000, 2000]",0.15873684210526318,relu
64,0.8640215367962637,0.7290611905407639,0.8617365899771194,0.9461122738484923,1.1410332279381696,0.49008973011131846,0.48405590974156115,0.4397797340226407,0.42667306890201345,0.40524222835048435,"[2000, 2000]",0.1612406015037594,relu
65,0.7128310969738235,0.6596672111549663,0.8392182590059668,0.9415280640687896,1.127693782856698,0.4918126012816008,0.4835565555749552,0.4264974457680333,0.4291910893021885,0.410501331414535,"[2000, 2000]",0.16374436090225564,relu
66,0.8204184895533817,0.7083212284878713,0.8544147658811955,0.9019491827655169,1.0783982241840662,0.4847810654084045,0.4558942129015667,0.44834718122137235,0.4241744991401384,0.38981579674050293,"[2000, 2000]",0.1662481203007519,relu
67,0.6223842921699145,0.6834232318369818,0.7792196895703845,0.8469763186006506,1.1126009145924751,0.494286480516759,0.4480943918591224,0.4145233773537348,0.44485519955819736,0.3868847386023315,"[2000, 2000]",0.16875187969924813,relu
68,0.8071643080575864,0.7024903350785002,0.9108258014977348,1.0312326184574183,0.9406141717091838,0.4980176413263624,0.43977120237566747,0.4232271382079422,0.44009286798843156,0.4286267112504518,"[2000, 2000]",0.17125563909774438,relu
69,0.6837663206148167,0.6266626077194662,0.9019796480246487,0.857247584356168,1.0885626671786395,0.47811442414493166,0.46969188870934775,0.45240128483185116,0.45387742383738716,0.42361765649688266,"[2000, 2000]",0.1737593984962406,relu
70,0.8787568309345418,0.6788985999420448,0.8812841878364026,0.8368927750013003,1.1138963050152186,0.4531049510135403,0.4690523388787829,0.4836190899134776,0.4572941896205348,0.41752923473429143,"[2000, 2000]",0.17626315789473684,relu
71,0.8880556326213732,0.6627550857863203,0.8683433443947222,1.047636331239512,1.1054008861546651,0.49884254373077486,0.5036345123935468,0.43724402695999715,0.43238620776957076,0.45823883783291486,"[2000, 2000]",0.1787669172932331,relu
72,0.770653567237814,0.7192210664307006,0.8918969514514584,0.8062686955303443,1.0092621862971474,0.4678086961856926,0.45730970127290965,0.43820680274293095,0.4293691043609882,0.4191492034521204,"[2000, 2000]",0.18127067669172933,relu
73,0.7493312488308423,0.671545903994024,0.8476830909749244,0.95472488084792,0.9874688680313495,0.48940349594889354,0.47213196698013093,0.4368125763284676,0.44600888952202533,0.432565475159325,"[2000, 2000]",0.18377443609022556,relu
74,1.0567515630528197,0.7642146270897651,0.9160032501202917,0.9646654373496764,0.9763206080115924,0.4733124770729654,0.49218499598973103,0.48956850757729475,0.4649637523208658,0.49587107947748443,"[2000, 2000]",0.18627819548872182,relu
75,0.6888513762974089,0.6631826475377218,0.8909546143185277,0.9054451345629984,0.8565323852791862,0.4611743286484893,0.4743306287573583,0.42665206248458437,0.4254728771015592,0.4135100908165929,"[2000, 2000]",0.18878195488721805,relu
76,0.866428500062726,0.7713662796151003,0.8398016782387413,0.9064752643830405,1.0712518661850423,0.5233025356032271,0.5068443858065181,0.46940251494418006,0.47837766315602465,0.441989000396471,"[2000, 2000]",0.19128571428571428,relu
77,0.8366529885752012,0.7391535286786297,0.8528753032773922,0.9649965491894315,1.1636279985535227,0.5071044828653332,0.4984645865499436,0.4440371889302218,0.43553437468828093,0.4285087757002597,"[2000, 2000]",0.19378947368421054,relu
78,0.7433788710241732,0.8600733455453696,0.788204961280008,0.8544000269270937,1.0794045057066874,0.5264448940923573,0.47512613875386317,0.4766317694911225,0.4446855302871725,0.45452507878716086,"[2000, 2000]",0.19629323308270677,relu
79,0.7263652448649404,0.6970034457147979,0.7846706455134134,0.8821372779674395,1.0918086477770104,0.49881515245841884,0.48592710627489655,0.4764752563477865,0.43070556453360886,0.41375394750991884,"[2000, 2000]",0.19879699248120303,relu
80,0.7776673313551168,0.7423111176376883,0.9184414666170406,1.0479175994170102,1.0024526004699454,0.5129523149056652,0.5109203328862284,0.49654578380381154,0.4646875718208913,0.4764154343066585,"[2000, 2000]",0.20130075187969926,relu
81,0.6515703581865891,0.8149717810943122,0.803805062620441,0.8708565297763486,0.9730308962327527,0.4723048058936532,0.4780559699769441,0.46299264855292815,0.4608097945929051,0.4343385863667602,"[2000, 2000]",0.2038045112781955,relu
82,0.7817845151238146,0.7617118106786617,0.8588747248782004,0.8556999378443363,1.045522355245164,0.49670528385545415,0.4741456893195765,0.455141024494138,0.4572452563771463,0.44404548262480364,"[2000, 2000]",0.20630827067669175,relu
83,0.6782822331696227,0.7447625636553254,0.9277600964749886,0.9393093574961511,0.9549499469864989,0.5153063494824109,0.5238845532389581,0.48141006308241946,0.47786759724885075,0.45869923681628094,"[2000, 2000]",0.20881203007518798,relu
84,0.6877630326267743,0.6536769808727207,0.8513375925868537,0.8656510648447038,0.9467823919033486,0.47893530456393707,0.46259103399981666,0.4169313836276444,0.4036745375257893,0.41200497125580604,"[2000, 2000]",0.21131578947368423,relu
85,0.6875378077024428,0.7773782323994791,0.8114233813636318,1.0311505687929479,1.0509675584656544,0.5294721318086935,0.51351887737357,0.5090021283250722,0.4786806165328363,0.4677426701005311,"[2000, 2000]",0.21381954887218046,relu
86,0.8000827151249036,0.760298152052976,0.7834683987610742,0.9778536919480089,1.1355246309923008,0.5204276774851321,0.493871799631639,0.4802279246247688,0.46631333101704564,0.4221529544760465,"[2000, 2000]",0.2163233082706767,relu
87,0.7939162335667438,0.7649996070690057,0.8341590059045206,0.9411905104609012,1.0262169958002072,0.5184449708629595,0.4980756929829007,0.5184585768389454,0.4802609022787082,0.45163665235238226,"[2000, 2000]",0.21882706766917295,relu
88,0.6820776435260417,0.8322161768590025,0.7304399577825318,0.9408554404348244,0.9685592545492551,0.5108284506229515,0.47610615619108915,0.47237964067178667,0.46163954242959804,0.4447090189903457,"[2000, 2000]",0.22133082706766918,relu
89,0.7637230492497634,0.7085475346601224,0.8913925269405584,0.9685821830944439,0.9983772455194334,0.5167159601791498,0.5164841495662442,0.5110865748770423,0.4845525197089995,0.4563900887667395,"[2000, 2000]",0.2238345864661654,relu
90,0.7878941318318935,0.8284077287530411,0.9921893615368702,0.9762515128927323,1.1362238133483171,0.5977430851557114,0.5584806968366464,0.5239699766549454,0.516275807403423,0.4895335406308775,"[2000, 2000]",0.22633834586466167,relu
91,0.7864593457512545,0.7441323142448524,0.8670477169111629,0.8757195471732002,1.0077316058836612,0.5111097642733815,0.5071296848971063,0.48335963533097426,0.4690426107863451,0.47505713987894915,"[2000, 2000]",0.2288421052631579,relu
92,0.6987198570697272,0.7768080021299913,0.990929540796314,0.9446053364454023,0.9546818424961176,0.5356397404705385,0.49762250090483906,0.44940623790780904,0.4705458427808979,0.46276450442113315,"[2000, 2000]",0.23134586466165413,relu
93,0.7789092753104032,0.7947678471645118,0.8569166035402214,0.8548616415422852,1.0336691410527963,0.5158108952167776,0.5257948232110535,0.4532588508180383,0.4821178921328579,0.4660033070009709,"[2000, 2000]",0.2338496240601504,relu
94,0.9141469355996569,0.8540445941958725,0.8295744430325905,1.030065847357556,1.1015327866240028,0.5421123297840789,0.520258005959649,0.5120701825176831,0.5144167421451964,0.47668086533787213,"[2000, 2000]",0.23635338345864662,relu
95,0.7931930641654347,0.7104557277843426,0.9552138291034702,0.977196221496412,1.1531173764724898,0.565799100391036,0.5430643767392789,0.501993540130525,0.509205362519202,0.48491310031833557,"[2000, 2000]",0.23885714285714288,relu
96,0.741022061046905,0.6863877291736322,0.8076251841188923,0.8762203260969229,0.9222727804700093,0.5061897944271528,0.4785508639133571,0.4874468871489712,0.4627043739095823,0.43949880719736717,"[2000, 2000]",0.2413609022556391,relu
97,0.8906370759184408,0.7615163299860053,0.8605737068830036,0.881226575100548,1.0479830966712358,0.5358599505553501,0.5157436252557404,0.5192150098213204,0.48754916143167554,0.4722960594970448,"[2000, 2000]",0.24386466165413534,relu
98,0.9523979906305798,0.7305391357629453,0.8042663151900487,0.9049038531353334,1.0549282714263721,0.5052809524545558,0.5213563636976979,0.5098124067074689,0.4813945750424813,0.4533597861148583,"[2000, 2000]",0.2463684210526316,relu
99,0.7022862382406828,0.7578595302636971,0.7610036517918131,0.8938235066285695,1.0575566059252588,0.510607695564793,0.49230038075190624,0.48880659271460913,0.4815227723924867,0.43247489501109043,"[2000, 2000]",0.24887218045112783,relu
100,0.7431125102038266,0.6719474865818046,0.9060246311298803,0.947733817349577,1.0952486774073271,0.5459960257482264,0.5299915164996258,0.4873115868817696,0.4782813347086713,0.4497011239990574,"[2000, 2000]",0.2513759398496241,relu
101,0.8222769494853353,0.7226254285985625,0.8190054661879448,0.9761960304979751,1.0494368587514842,0.53073972619062,0.5220991623975777,0.50788718066556,0.48227290880008394,0.47504847672337513,"[2000, 2000]",0.2538796992481203,relu
102,0.8346971137635897,0.7556052866097382,0.6957793373719657,0.8057143150408065,1.0399361952074788,0.49733469040372197,0.49058229763703354,0.4895449722742673,0.47077561084205555,0.4537229025143063,"[2000, 2000]",0.25638345864661655,relu
103,0.7902021406035256,0.7936081427938365,0.7611228149114825,0.9007118020055492,1.069925492841228,0.5468790427289579,0.5100968109680518,0.5282901119009218,0.48876608950219597,0.46895076373944605,"[2000, 2000]",0.2588872180451128,relu
104,0.7877207893980185,0.7646376123946871,0.8188808174451785,1.0618375506700664,1.1171643119218253,0.5897832170804629,0.5589798681763416,0.5367571764183185,0.5077431624495151,0.4842097885189417,"[2000, 2000]",0.26139097744360906,relu
105,0.7956532074026063,0.8452781075855296,0.8414822920898949,1.0618733812918673,0.9643453199187119,0.5635369817839317,0.5552450916595961,0.5313089173926713,0.48811298125915753,0.5173489388862326,"[2000, 2000]",0.2638947368421053,relu
106,0.7488039589645842,0.8157939367831986,0.7982094857675661,0.9341282377700626,1.1741971828635003,0.5659668566487169,0.5439379419173593,0.5495390238103182,0.5224721613625207,0.47925965798262793,"[2000, 2000]",0.2663984962406015,relu
107,0.823011349335649,0.7042777106352175,0.9202786794892971,0.935571203811552,1.0184614578004485,0.5284659179979864,0.5310936013551658,0.48839408246894184,0.48643323368253816,0.4720946422318825,"[2000, 2000]",0.26890225563909775,relu
108,0.7348068210759888,0.7887601415616434,0.8827160152776108,1.0394942294577296,1.0629917625515102,0.5745045312834083,0.5708929099359545,0.5453267366925051,0.527122348967558,0.5230639551085904,"[2000, 2000]",0.271406015037594,relu
109,0.6890751281563116,0.7764361535726821,0.8328854156257549,0.9026709505087691,1.055428171920458,0.5451679695309789,0.5427299802614185,0.5025124371747439,0.4983264262534361,0.48985030442027544,"[2000, 2000]",0.2739097744360902,relu
110,0.8864466846596508,0.7508737744042394,0.8178064464336724,0.8963230325965618,1.0477983695751212,0.5441738706651285,0.5338112160085555,0.5243740056411863,0.4853444669004591,0.47259234908289727,"[2000, 2000]",0.2764135338345865,relu
111,0.7521536031845093,0.7192167207467243,0.88977063193892,0.8602844029372578,1.0322868151322482,0.565204088781805,0.564525631055059,0.5224247267989408,0.5300141212167686,0.5202240384878021,"[2000, 2000]",0.27891729323308273,relu
112,0.847746757784289,0.7816002474752691,0.9113645777600227,1.0699023194603723,1.2527981400520694,0.5955161246231222,0.5675411844478697,0.5502873081181162,0.5264572980641463,0.5136652221193114,"[2000, 2000]",0.28142105263157896,relu
113,0.7829489899878258,0.7829386580069261,0.8588240994002554,0.8866572141409531,1.0370016273466136,0.5527581215574591,0.5328578890480705,0.5332653930644286,0.5227208315638874,0.48579983392745657,"[2000, 2000]",0.2839248120300752,relu
114,0.8285958342901227,0.6904922462268787,0.8176524798103851,0.9141855555751152,1.214030879875487,0.5689220893142425,0.5474730407286638,0.5472286795877106,0.5148712974064992,0.4842602309368118,"[2000, 2000]",0.2864285714285714,relu
115,0.8987466746347595,0.6351508323061443,0.7559677944961006,0.9825896451222472,0.9882531025664862,0.5277594185615805,0.5272021279162925,0.4946942576319763,0.49146081983309575,0.465972802507588,"[2000, 2000]",0.2889323308270677,relu
116,0.7191708624320736,0.8308634412313693,0.7945507148108142,0.9522418788742872,0.9727441476378172,0.5761759676186554,0.5343187697215526,0.5490831290004223,0.5074687108012569,0.5226323907513097,"[2000, 2000]",0.29143609022556394,relu
117,0.858968006464095,0.7970422796963174,0.8154004524413384,0.9516494827369262,1.1503661850544948,0.5721204566044986,0.5684340021602313,0.5422127769369498,0.5064802731805564,0.4994174610021617,"[2000, 2000]",0.29393984962406017,relu
118,0.7960855415313586,0.750074220536477,0.8566949585521512,0.9851513666129184,1.058614767482469,0.5974031873186434,0.5622485668247065,0.5550938534117654,0.521949625736374,0.507088186026978,"[2000, 2000]",0.2964436090225564,relu
119,0.7443619490303726,0.6915919282405376,0.8653471726213756,0.8676414008052097,0.9529649764767186,0.5358072271828055,0.529305353513759,0.5226792710434646,0.4816598532819469,0.49058058803865545,"[2000, 2000]",0.29894736842105263,relu
120,0.8101521462407186,0.7269901649701209,0.7575803261901395,0.8837449711521675,0.991552251269499,0.5126293086615995,0.5138359417163243,0.493094938564377,0.49853513569017105,0.4572285303168771,"[2000, 2000]",0.30145112781954886,relu
121,0.7676934138651955,0.7223104684318599,0.8068817901212624,0.9389555495607966,0.9374507400743434,0.5160821118744194,0.5214886222167918,0.49019026522354886,0.48291504369596927,0.4809283024271703,"[2000, 2000]",0.30395488721804514,relu
122,0.7245803848124448,0.8620339237170892,0.9317291780424037,0.8823709972253674,1.0374306944076654,0.6031739755162899,0.5594015909304371,0.5160704992586762,0.5455653854920244,0.5146541331423587,"[2000, 2000]",0.3064586466165414,relu
123,0.7652423259692049,0.655777142845179,0.9652911796360769,0.9351870147700371,1.0064849562585068,0.5684640012933847,0.5660739266057514,0.51886591949522,0.5299428533611186,0.524438852120265,"[2000, 2000]",0.3089624060150376,relu
124,0.8293984905604466,0.9004928747198794,0.922401375908315,0.964451974027555,1.1710707035963948,0.6143656641996189,0.601795343928495,0.5648816995279041,0.5724028156928381,0.5247535789614979,"[2000, 2000]",0.31146616541353384,relu
125,0.7848497006443117,0.8157658936785948,0.8558721826163046,0.9185371958423534,1.0785150854590675,0.5749430216403676,0.5550052547402549,0.5565903082413663,0.5272906173910408,0.4987765271707443,"[2000, 2000]",0.31396992481203007,relu
126,0.8184683141732875,0.8132620132582342,0.9492627056108042,0.9048835738080818,0.9974170880934464,0.5781010629959568,0.5524518134097209,0.548987967810019,0.535884634035903,0.5342632574122923,"[2000, 2000]",0.31647368421052635,relu
127,0.9290529635999314,0.7425341376298946,0.8738536704367788,1.0000529040824535,1.0513057123123448,0.5904794066826612,0.6080037423533804,0.6035989949481396,0.5723664365477419,0.5268592344231646,"[2000, 2000]",0.3189774436090226,relu
128,0.8956900710192761,0.800559403945292,0.8385263372863324,0.8469716345104534,1.1400771581456064,0.5834015618049908,0.5582012026153349,0.5498599145849798,0.5474161591522265,0.4924030003847085,"[2000, 2000]",0.3214812030075188,relu
129,0.7889271429871874,0.712026317670647,0.9826591205987134,0.840726360670105,1.0315606954022905,0.5670230583468095,0.5686986507562545,0.5370603208836807,0.5484728557956542,0.526502360436597,"[2000, 2000]",0.32398496240601504,relu
130,0.862320137628698,0.8187380029959936,0.8135164692063485,0.8555960120537127,0.9816627243054696,0.5511745535775167,0.565381348265561,0.5548931860911989,0.5262392104267118,0.5212654604188528,"[2000, 2000]",0.3264887218045113,relu
131,0.7845205586878078,0.7432509883076278,0.7850507818521695,0.9463350084738051,1.1018831117558434,0.5376684733695001,0.5272013776969277,0.535093423534778,0.5081164995859823,0.49524557489801435,"[2000, 2000]",0.32899248120300756,relu
132,0.7394328716694151,0.8429806304888423,0.8637690526999744,0.944881062627763,1.0369753354359774,0.5666786388136473,0.559327715984032,0.5263939757289053,0.5325861373730385,0.5179320866093785,"[2000, 2000]",0.3314962406015038,relu
133,0.8571878973238818,0.7853313630650208,0.8189766578607529,0.9974908516809344,1.0260779102146107,0.5821442935636637,0.5994127404878937,0.5629611966931021,0.5197197040480624,0.5253999328342666,"[2000, 2000]",0.334,relu
134,0.8530628655093472,0.6844213516424256,0.8765065171385544,0.9465997023487356,1.081206750032505,0.5800777612931476,0.5569226743564395,0.5163326964437224,0.5309349183555709,0.5010185238458909,"[2000, 2000]",0.33650375939849625,relu
135,0.7739184337181746,0.6981998442020477,0.991416672689679,1.0551300284722156,1.1473383423546206,0.6316151801720159,0.5909611573273895,0.5472519799363644,0.5421364800416448,0.5517294899889215,"[2000, 2000]",0.3390075187969925,relu
136,0.8481572050512057,0.7680289407264509,0.9133124840362788,0.8865196198863414,1.2019274389387735,0.6046204202580593,0.5764529741810009,0.5521411646109032,0.5329973093146403,0.511668977344664,"[2000, 2000]",0.34151127819548877,relu
137,0.89774639200229,0.8104064443433069,0.9328982588416764,0.9535783938996201,1.0900369958884055,0.5902810998058238,0.5898013876222432,0.5452474401230475,0.5354261130649445,0.5317855412872832,"[2000, 2000]",0.344015037593985,relu
138,0.9056256818292271,0.8368274991342199,0.9137913317264553,0.9484776685905544,1.060034628948056,0.6262911359956285,0.6041232070133504,0.5687025385543579,0.566194948322824,0.5533368988054257,"[2000, 2000]",0.3465187969924812,relu
139,0.8281256421147327,0.8343727296960887,0.8339775231671289,0.7909889367021332,1.0418125367147244,0.5792877283405016,0.5649567532909779,0.5650385883837693,0.5435592594548263,0.5101968278823505,"[2000, 2000]",0.34902255639097746,relu
140,0.8562920776090577,0.7201828160920856,0.8935975754566259,0.9698620470987619,0.9766995118092707,0.5769083967027705,0.5754965352136823,0.5622005480639293,0.5138438568054119,0.5316297762474318,"[2000, 2000]",0.3515263157894737,relu
141,0.8246559589666235,0.8375943500096235,0.8511324562258744,0.9345382916357555,1.2398006951051952,0.6161608397215804,0.5959669402370531,0.6101569182613187,0.5891860190314719,0.5451875851356984,"[2000, 2000]",0.3540300751879699,relu
142,0.8959143132121611,0.7599293605017531,0.8672538749364544,0.9821442120128572,1.0762527945139333,0.6084737705309885,0.5899524385565441,0.5822946495909392,0.5618658626978698,0.5389799984815354,"[2000, 2000]",0.3565338345864662,relu
143,0.8140823088633079,0.7746422458482096,0.8479899684398842,0.9717896439849897,1.2607411580096681,0.6399369977177556,0.6121149039424976,0.6118422732815577,0.5780913787463191,0.5320138341445206,"[2000, 2000]",0.35903759398496243,relu
144,0.7660869015657168,0.8476420444390397,0.7975859404497921,0.979526207623891,1.0895487808586675,0.5897503174597795,0.5774945189781103,0.5598951800912627,0.5449867047808419,0.5138672078260853,"[2000, 2000]",0.36154135338345866,relu
145,0.9477568343824782,0.8919045805420605,0.9036006305894151,0.9744827428850109,1.0228699320850154,0.6097743116320131,0.5990860060841733,0.5808085347458445,0.5610406166274369,0.5617987017941846,"[2000, 2000]",0.3640451127819549,relu
146,0.8001955938322008,0.7867671147962163,0.8210904213197389,1.0241326963216706,1.107426460236925,0.6092137671181391,0.590965830265483,0.5826020477210174,0.5885956956272649,0.5371838229758218,"[2000, 2000]",0.3665488721804511,relu
147,1.0283225343880933,0.7735403196390049,0.9012520211906966,1.0416547381830177,1.0901026582143942,0.6208616592448185,0.5968392048763335,0.6013355613776853,0.5675072928277451,0.5784323319018098,"[2000, 2000]",0.3690526315789474,relu
148,0.8964957605251456,0.7903123116526283,0.9217561460120145,0.968964142551891,1.0396588026451212,0.5832749368322705,0.5917861648179451,0.5605881790135024,0.5744958184716703,0.5546821619126583,"[2000, 2000]",0.37155639097744364,relu
149,0.8833975740788944,0.754271981178122,0.7916822915345173,0.9050934592346749,1.13756495579977,0.5798230588547779,0.6051353566061931,0.5718364388702143,0.5624831665682766,0.5163575041002014,"[2000, 2000]",0.37406015037593987,relu
150,1.0173013408344846,0.7624669603789236,0.8515538961229662,0.9366487854288781,1.1032544257999466,0.6062886828749149,0.5935950309622714,0.5874121489667649,0.5854164678715191,0.5676235845016224,"[2000, 2000]",0.3765639097744361,relu
151,0.8903284104918506,0.8038555270954277,0.9386295597697631,0.8393120377928144,1.0355520871879436,0.5990059064765418,0.5894785046867586,0.5621908887126169,0.5812434908325421,0.537430924988823,"[2000, 2000]",0.37906766917293233,relu
152,0.7446161985075528,0.871099453949243,0.7811297352164194,0.8209972056649987,1.1424186645849816,0.6104522874428453,0.564947008712564,0.587095845623494,0.5837617165992445,0.5315325208311357,"[2000, 2000]",0.38157142857142856,relu
153,0.8098861713936237,0.8829653876510429,0.9100706559123194,0.9685049122955056,0.9298992212447819,0.5960125670647255,0.549393913079597,0.5383011958741453,0.5571779056772314,0.5614667488814339,"[2000, 2000]",0.38407518796992485,relu
154,0.8709074331408198,0.8304554915220692,0.8186559334422785,0.9376676490929611,1.013782216282616,0.5762068239234336,0.5802171434710488,0.5575253412311191,0.520739941646868,0.5116452220042806,"[2000, 2000]",0.3865789473684211,relu
155,0.8516322028762618,0.7373576315202909,0.9103515125374239,0.8376224104340274,1.0996771395628282,0.6110075022081517,0.5925584254528061,0.5809526505463701,0.5827429752500384,0.5260960335738495,"[2000, 2000]",0.3890827067669173,relu
156,0.8895610857773568,0.8275278535982484,0.8806310499326747,0.8751101923567134,1.0167986035955432,0.5979268878955072,0.5747876610161888,0.5640403936777413,0.5777827529053462,0.5339507505829036,"[2000, 2000]",0.39158646616541354,relu
157,0.8153732890466991,0.8557011447944967,0.9703983432502343,0.8992315345179531,1.255779475369849,0.6631875150526986,0.6329420455383398,0.5955110239682321,0.6191416437495677,0.5426844996141794,"[2000, 2000]",0.39409022556390977,relu
158,0.8767227872980419,0.7706033704390123,0.9397626695911299,1.0104228596875806,1.2065492187241156,0.6228199760837292,0.6234678080671974,0.583427344160408,0.5712306653681299,0.5241541302452406,"[2000, 2000]",0.39659398496240605,relu
159,0.9210750484334408,0.8925836032201275,0.9014285672636922,0.9427612204087368,1.0302406200239922,0.6317313030108472,0.6159152855585363,0.5908167778786063,0.5670846294747772,0.5629262361502199,"[2000, 2000]",0.3990977443609023,relu
160,0.8951903234975237,0.8727260763956077,0.8924600129404915,0.9656083129730249,1.0413239828015912,0.6174526952512308,0.605911256158296,0.597205742955925,0.5817144952935768,0.565041883504623,"[2000, 2000]",0.4016015037593985,relu
161,0.7611539633529368,0.7569592051038463,0.9299100635951217,1.0816727451629176,1.0676579353585367,0.658435663188496,0.6386177175473872,0.599518302293689,0.5651398966166122,0.5644038639600504,"[2000, 2000]",0.40410526315789475,relu
162,0.964860333046183,0.816939963839486,0.8176696293711384,1.1324308938505945,0.9589774461040614,0.6127374974166655,0.6318765377503143,0.620014795313361,0.5397652968267451,0.58555149582202,"[2000, 2000]",0.406609022556391,relu
163,0.8410341975373067,0.7779445150275766,0.8695780277538929,1.035707475115337,1.1087210181540113,0.6431386181766267,0.6515997092200919,0.6314335429447384,0.5730321386077821,0.5950626107638535,"[2000, 2000]",0.40911278195488726,relu
164,0.7926305899490437,0.8510604580576865,0.8178210491089188,0.9581007405594973,1.009048782181004,0.6146261402559332,0.593648171521287,0.5714298893972173,0.5639538980004668,0.5696517180943282,"[2000, 2000]",0.4116165413533835,relu
165,1.0133225883830461,0.847446111605642,0.9616659262586245,0.9736420459548195,1.1185831766825716,0.6439640333022529,0.6556014313849504,0.6357434533315498,0.61981620028598,0.6055800495910648,"[2000, 2000]",0.4141203007518797,relu
166,0.9341344860588063,0.8878610035918316,0.9446153609348427,0.971182483900622,0.9907578865895318,0.5982344957493475,0.6100467477516983,0.607200148965911,0.5610850595607225,0.5624123043849304,"[2000, 2000]",0.41662406015037595,relu
167,0.8361836283657411,0.7719899443360113,0.8283286348717169,0.9997340608732298,1.034771128977189,0.6223477910736117,0.6077304032591988,0.6083098451102438,0.5749450518654097,0.5687856702213036,"[2000, 2000]",0.4191278195488722,relu
168,0.8204442142142094,0.897646083097234,0.8121757749646296,1.1351405719382195,1.0192240165271194,0.6353779553600409,0.6216901907524546,0.6148865960633453,0.5601055913645105,0.5707046938649506,"[2000, 2000]",0.42163157894736847,relu
169,0.9431886225396472,0.792210159780285,1.014959114843369,0.9996101068856803,1.1341892269616303,0.6314742264373115,0.6431505752748679,0.6088047597768347,0.60596728633897,0.5615480844988869,"[2000, 2000]",0.4241353383458647,relu
170,0.7898579048429004,0.8704371520183141,0.9248380020067419,0.9463018342685563,1.053361109143659,0.6595484506076392,0.6206678177791886,0.595606311668733,0.6076483890542895,0.5875820156606915,"[2000, 2000]",0.42663909774436093,relu
171,0.9055134297609884,0.8038860571707446,0.9452782556384502,0.9225391879927618,1.0475783016903772,0.6304004912932006,0.6234631046473169,0.6078861560836385,0.6058607350385764,0.5710717188937358,"[2000, 2000]",0.42914285714285716,relu
172,0.770180745063119,0.866246212388188,0.8650511384846101,1.0629846034743664,1.0497137212746253,0.6528780129169298,0.6102475678834928,0.5890310470108587,0.5608984319767177,0.5770051722581853,"[2000, 2000]",0.4316466165413534,relu
173,0.9362706003261447,0.7662264668415607,0.7860555363812709,1.0255724378176703,0.987238456258834,0.6031256356476875,0.5977780635981552,0.5935146437258112,0.5758556530812371,0.5859196332742256,"[2000, 2000]",0.4341503759398496,relu
174,0.8800157313315561,0.8684540041945529,0.9160863891832428,0.9099198158722487,1.0704136884978692,0.6313757723924901,0.600667448160014,0.6042831884043556,0.5886298554047283,0.5885589850892652,"[2000, 2000]",0.4366541353383459,relu
175,0.9549912170392876,0.776665241307989,0.8150870075438668,0.9122679916081838,1.1947413451962994,0.6216405856032946,0.6101583053479364,0.6234488567525639,0.5904031503063267,0.5414833219226395,"[2000, 2000]",0.43915789473684214,relu
176,0.8419332520731586,0.7370796734805191,0.9962959466121327,0.95943911856755,1.1090347410350339,0.6248232819998844,0.6487463070727317,0.602942003533518,0.5962164837552751,0.576574637044357,"[2000, 2000]",0.44166165413533837,relu
177,0.9527560567372051,0.8578840362520544,0.8781889972136804,0.9934338155122736,1.1323666022174703,0.6562680683623634,0.6439869508324066,0.6529492846629293,0.6254197083774468,0.6040193593784071,"[2000, 2000]",0.4441654135338346,relu
178,0.9276624574890698,0.8171388102418287,0.939830850658173,0.9250224582409607,1.117840841036102,0.6513112588746173,0.6522044670642866,0.631975339109542,0.6313094750200794,0.596210988944156,"[2000, 2000]",0.4466691729323308,relu
179,0.8828928981046096,0.8789536799522001,0.8086015554227841,0.9827093335755808,1.1225261614471103,0.6355961415933333,0.6264481641287512,0.6429795313407998,0.6004080111696724,0.5767653910362853,"[2000, 2000]",0.4491729323308271,relu
180,0.8554467428314567,0.8817206692551888,0.9390873697108774,0.9631822719285642,1.1223978131216532,0.6680659826137314,0.6330818504235173,0.623723931415287,0.6247713247206249,0.5910618435667429,"[2000, 2000]",0.45167669172932334,relu
181,0.9693966282620653,0.8352041489054545,0.8661706364110896,0.9202465680831527,1.21459649130464,0.6392199475897571,0.607717248551014,0.6076246907766419,0.6053760748635034,0.5543386075851693,"[2000, 2000]",0.4541804511278196,relu
182,0.797041956023636,0.7355974113884982,0.8798389838473117,0.8962452016257713,1.0675494698304648,0.6130453500732621,0.5899191042021822,0.5586297299290908,0.5816800931722669,0.5433351364516996,"[2000, 2000]",0.4566842105263158,relu
183,0.9713478683564598,0.8025714588817524,0.9850925204823741,0.9546053586949416,1.102973345779346,0.622128792854453,0.6174155360579493,0.5965435831225097,0.5881302870800955,0.5584149326099674,"[2000, 2000]",0.45918796992481203,relu
184,0.9427368042283297,0.8950499991299784,0.820473745036776,0.9624988439337594,1.1503723405925024,0.6339983076560336,0.6266707642107942,0.63738918800501,0.6205900063480626,0.5870970441490225,"[2000, 2000]",0.46169172932330826,relu
185,1.0240593206333122,0.7825138107119128,0.9169984103092985,1.0713817513951132,1.2237398042073344,0.6490489492469725,0.6892986691995633,0.6545001247111215,0.6317003977850788,0.6111925865938224,"[2000, 2000]",0.46419548872180455,relu
186,1.0276366346704087,0.7352191082673402,0.9562876275452087,1.0200072338168518,1.1633049664374857,0.6444180965966176,0.6554697143719708,0.6136426931832843,0.6039613414552609,0.5616363284989802,"[2000, 2000]",0.4666992481203008,relu
187,0.7738009880376331,0.7859086651002632,0.9424410449686381,0.9215502586344515,1.0478754277213396,0.6456636093215286,0.6274960334841521,0.5761498849968386,0.6057887881966022,0.5697150541964501,"[2000, 2000]",0.469203007518797,relu
188,0.7917289890134722,0.7886850096362809,0.8490011270370368,1.0740594688169007,1.0689642069814251,0.667409188656544,0.6537693270494062,0.6257054824401872,0.598406379021789,0.5870520286524336,"[2000, 2000]",0.47170676691729324,relu
189,0.9094283233843583,0.7618268643447036,0.8337275232317564,0.9033355296870327,1.086130215065134,0.6097762361348944,0.6246286479515126,0.6127307990109999,0.5846231782611336,0.5583342852731155,"[2000, 2000]",0.47421052631578947,relu
190,0.9685009042512996,0.8954860120211166,0.932707767528263,0.9576813277101246,0.9838524985486202,0.674460192785188,0.6604045858837806,0.614752422300734,0.6219405672618491,0.584754820283636,"[2000, 2000]",0.47671428571428576,relu
191,0.7558494980506669,0.8285139673373685,1.0314668281595645,0.9664979468762707,1.13090971277894,0.668883457207328,0.635296179377387,0.5980337039949855,0.6060931550182863,0.5851058339889792,"[2000, 2000]",0.479218045112782,relu
192,0.7815184415680485,0.7297527035027783,0.8692210786453439,1.0259608874790618,1.0482920035500094,0.6144281070275242,0.6071090255483329,0.5925121219453788,0.5840902881364831,0.5693846683263503,"[2000, 2000]",0.4817218045112782,relu
193,0.9136757143576665,0.9010007391807188,0.8773753869785459,0.9402076387423751,1.0755484767456294,0.6656937696734149,0.6559294294797168,0.6256173363447525,0.6247760005797872,0.6018963816491649,"[2000, 2000]",0.48422556390977445,relu
194,1.0428877522649038,0.8933989096050324,0.962541624528735,1.0792620753683424,1.0120896628878928,0.6669387965896786,0.6795656063061487,0.642454213735129,0.6094705150375086,0.6237452991098683,"[2000, 2000]",0.4867293233082707,relu
195,0.7835082972742357,0.7210698054671295,0.9229988415602932,1.036974600812877,0.9416180038134512,0.636381454097112,0.6403512489560217,0.5895216518061471,0.5595191442539057,0.5743242203616126,"[2000, 2000]",0.48923308270676696,relu
196,0.7937608521737461,0.7045412431675527,0.9596749692020816,1.1135175813895277,0.9886026740001227,0.6324585275925634,0.6177614599507325,0.5704585632046748,0.5634267426462145,0.5693274983318217,"[2000, 2000]",0.4917368421052632,relu
197,0.8344621512624036,0.8886904604723729,0.8823850906721721,1.0398234192323657,1.0176353900154862,0.6502824789440734,0.6584585802519811,0.6151512157563765,0.5950846705161862,0.5976202191140564,"[2000, 2000]",0.4942406015037594,relu
198,0.8069794096108825,0.8073850621109339,0.7721622162952279,1.089877505267365,0.9915441957407587,0.6169903313373672,0.6344849492829717,0.6096788973540819,0.5711561887970873,0.5732348271701231,"[2000, 2000]",0.49674436090225565,relu
199,0.90346022437899,0.8786260571588149,0.8952907729347307,1.1631108203175455,1.0710909364426373,0.6926431309903835,0.6728062162660491,0.6646508294768507,0.6275935198442942,0.6254323566855188,"[2000, 2000]",0.4992481203007519,relu
200,0.838599738548887,0.8080336989415172,0.9890154333624176,0.9231112944468531,1.133384447449715,0.6633303771817414,0.6789099015693962,0.6426002916226432,0.6506921445171571,0.606859354555505,"[2000, 2000]",0.5017518796992482,relu
201,0.8495967545719012,0.7754924178158162,0.9178211395914121,1.0904911339527015,0.9161156414967051,0.631149575306867,0.6182272227850891,0.5826378713387266,0.5969931051238699,0.5873082972120719,"[2000, 2000]",0.5042556390977444,relu
202,0.8874043390562693,0.806213743067373,0.7553609087338016,0.937872364384591,1.0902025234480794,0.6243467504344481,0.5919295243424371,0.6123839741686602,0.5646778667701007,0.5485023482504875,"[2000, 2000]",0.5067593984962406,relu
203,0.9509768505082425,0.8179633485037467,0.7562587219561987,0.9307371067448297,1.0905736295991963,0.6113869874963394,0.6059414444446717,0.5987182013039043,0.5715763809167522,0.5421901873329539,"[2000, 2000]",0.5092631578947369,relu
204,0.8345568408435801,0.7994085519645382,0.8885016009971598,0.8624523986771925,1.1100304014367337,0.6872425377426284,0.6344845891455383,0.6190512090825632,0.6269375154887056,0.6020114951585969,"[2000, 2000]",0.5117669172932331,relu
205,0.9406889227128529,0.8000426209742635,0.8949355885986666,0.8462803335699629,1.2526786105898913,0.6573244922450295,0.6371047551381042,0.6370106533434425,0.6360526708790359,0.5647341434421027,"[2000, 2000]",0.5142706766917293,relu
206,0.8952060888113826,0.9225875957955163,0.9177102577110811,1.0509172671696116,1.1492954301533282,0.6786769519130409,0.6828093832010823,0.6485574571034116,0.6405072348999407,0.5895779168519554,"[2000, 2000]",0.5167744360902256,relu
207,0.8456765922710479,0.919567029349051,1.076869598405309,0.9714780858039535,1.0917791931209793,0.7103426557064604,0.6668865652370903,0.6838726447534388,0.6541919506378121,0.6520341231162161,"[2000, 2000]",0.5192781954887218,relu
208,0.7424711134566799,0.9291583597166145,0.856605674315708,0.880630175558275,1.1558158373026806,0.6720444034889058,0.6416043478003652,0.6117190872551033,0.6051847668046252,0.5817977883608039,"[2000, 2000]",0.5217819548872181,relu
209,0.9190878555447148,0.8223966171316821,0.9868909451294936,0.941588401067639,1.1739036517547665,0.6697553236904865,0.6694659477029965,0.6618382946075567,0.6524381701526735,0.6202304493080396,"[2000, 2000]",0.5242857142857144,relu
210,0.8622003014503452,0.7468509672940915,0.9076561891891379,0.98775907613204,1.0147676830377197,0.6370481129869455,0.6460946299596592,0.62081514455349,0.599836351228335,0.585673523880559,"[2000, 2000]",0.5267894736842106,relu
211,0.8208007280226348,0.775983812016646,0.8642750657107836,0.9494170852777892,0.9715614449599776,0.6326707040104284,0.6522024845213094,0.6108815584460258,0.5920384255546401,0.5671086218299899,"[2000, 2000]",0.5292932330827068,relu
212,0.9650432894587319,0.857862833728702,0.9058781432664296,0.9711181671401913,1.108119020375421,0.6516220375149173,0.6596818043054067,0.6413723227673304,0.6166969192607686,0.5980935307255647,"[2000, 2000]",0.531796992481203,relu
213,0.8299107608294539,0.9416160090783077,0.9470582221430507,0.9327188273484136,1.1507696693032559,0.6900717344433448,0.6522215119767525,0.6405027148377712,0.6545375676439874,0.5894809713227216,"[2000, 2000]",0.5343007518796993,relu
214,0.8420939168763286,0.7717243699083456,0.9177583487799245,0.8186227257205871,1.0910831891562978,0.6291016271319126,0.6369470131060805,0.5988511750983941,0.609322899726869,0.5582187073843486,"[2000, 2000]",0.5368045112781955,relu
215,0.90338666000454,0.9110573696272298,1.0777027387655111,0.9662781238880513,1.0618763098654462,0.6629039300566862,0.6639734723844042,0.6322598462792646,0.6291397023249576,0.6390449157034412,"[2000, 2000]",0.5393082706766917,relu
216,0.8127017636835367,0.7782022339765514,0.8837789907860073,1.0443789129116319,1.0263392892019876,0.6401294438711541,0.6580037761145205,0.6332595060978021,0.5889896048280306,0.6018342437760126,"[2000, 2000]",0.541812030075188,relu
217,0.824404477801039,0.8987961813854907,0.8419400728304013,0.8139008763901819,1.1054839099340208,0.6472686917234388,0.6015254506246387,0.6302972617122194,0.6498110340216953,0.5866806583707534,"[2000, 2000]",0.5443157894736842,relu
218,0.8877168136496192,0.9527573866689906,0.8343411488004986,1.0082498078920645,1.1965522485920324,0.7097487562357739,0.6836414106715012,0.6701717986082683,0.6547245804625438,0.6072947022976355,"[2000, 2000]",0.5468195488721804,relu
219,0.9429384512437785,0.878948099980349,0.9268915570063154,0.9901095978012274,1.015685683468496,0.6474460664197457,0.6652518497868811,0.6421514627190484,0.6423977383212228,0.6144958325338482,"[2000, 2000]",0.5493233082706768,relu
220,0.8187375305485244,0.8486752800158868,0.9370612395773856,0.9780275836910588,1.0525336990673033,0.6718021973456535,0.6383598475804254,0.6250082200785572,0.6143932400100668,0.6233640227363508,"[2000, 2000]",0.551827067669173,relu
221,0.9257787849140222,0.893102933437406,0.8663718198487668,1.0932409611353688,1.0784254239586268,0.6893767461285812,0.6676425136768804,0.6498789264528093,0.6334732317428758,0.6140217532252266,"[2000, 2000]",0.5543308270676692,relu
222,1.069075431547828,0.860168126243061,0.8596747935829366,1.020382242798838,0.8804709391306651,0.6306709798861307,0.6165670838943713,0.6115855061415915,0.5948725123325495,0.6303575714337337,"[2000, 2000]",0.5568345864661655,relu
223,0.9194714030267744,0.7256882927047766,0.9125244637904627,1.004407943453766,1.0766926956433212,0.6439619457140974,0.6541586443801773,0.6288782862828851,0.6033512505682024,0.6207115787065263,"[2000, 2000]",0.5593383458646617,relu
224,0.8153031105073767,0.8859728196775514,0.8614897853095583,0.9158089998429146,1.1381791005841633,0.6703093649357829,0.6430030827305654,0.6151323589370852,0.6232420183061801,0.5937320266807007,"[2000, 2000]",0.5618421052631579,relu
225,0.8854095714050138,0.7287827379152939,0.8581275432300922,0.9105957877672092,1.1874195211600744,0.6385144619404554,0.644159763357779,0.6208763428594944,0.6081276066551266,0.5635685850072072,"[2000, 2000]",0.5643458646616542,relu
226,0.941033106147029,0.8005881920355777,0.8914668366336884,1.0212161375770117,1.047248921399451,0.6698275918185385,0.6726599711915243,0.6384944049654463,0.6199102369573838,0.6170069092646243,"[2000, 2000]",0.5668496240601504,relu
227,1.0241710508869277,0.967783049877379,0.94860955096203,0.9356735678254489,1.0180647612989404,0.6750900082744218,0.6535932809488648,0.6467430017294962,0.6362601805165486,0.6226268337462537,"[2000, 2000]",0.5693533834586466,relu
228,0.8182428066241725,0.8620709070576611,0.9081546238797396,1.0074891808359876,1.1596282979019055,0.6947599283091541,0.680333380845319,0.6488536781734682,0.6740101967617425,0.5815389496691896,"[2000, 2000]",0.5718571428571428,relu
229,0.9389496346361254,0.8041233258597361,0.8972572871177036,1.030866694373766,1.0637747387154197,0.6656838909506714,0.6685943694353451,0.6540676933658359,0.6460124588396955,0.6377905774120803,"[2000, 2000]",0.5743609022556391,relu
230,0.8745690713839991,0.9384193810912551,1.0132551183736838,0.9963989830018131,1.1028932246709378,0.7103917756170252,0.689348768895323,0.6464371303194416,0.6454349859401715,0.6517313955103226,"[2000, 2000]",0.5768646616541354,relu
231,1.0472860128860646,0.7773358216959827,0.9032009349201418,0.9705316115493448,1.0668540927367984,0.6797851524712101,0.7018226017600823,0.6654278168223289,0.6456697261460761,0.6376743929985422,"[2000, 2000]",0.5793684210526316,relu
232,0.9728829033929084,0.9078424115231378,0.7164053484864472,0.9841872336856964,1.1048550753710094,0.6380518906533197,0.6341211090046462,0.6594252760047474,0.6102288566467822,0.5886961342182938,"[2000, 2000]",0.5818721804511279,relu
233,0.813679310713523,0.8517040921146898,0.8634780152926121,0.9548776041757626,1.1183836751586858,0.659000640292441,0.6612056741269697,0.6527606072151041,0.6335251569413459,0.5920057693954489,"[2000, 2000]",0.5843759398496241,relu
234,0.9865824485093806,0.7661449928288195,0.8803034541349574,1.033994212355396,1.0846007687864319,0.6445429388981854,0.6694309663233374,0.6428559352262502,0.6196627927356371,0.6286592168790023,"[2000, 2000]",0.5868796992481203,relu
235,0.9449567685821503,0.897098506125362,0.875261333889552,0.9208030306626299,1.1074347120391794,0.6634385593494304,0.6271667805100517,0.6386832188414098,0.6351548098471824,0.5890203728610001,"[2000, 2000]",0.5893834586466166,relu
236,0.8573406717689812,0.9219357708882724,0.9523959618816752,1.0583119781305832,1.1628931586122566,0.7169445126848655,0.663377443867404,0.6675476033093586,0.6447066380061599,0.6046228555163088,"[2000, 2000]",0.5918872180451128,relu
237,0.9117645549192643,0.8371156498324958,0.8859918725579072,0.9549195273439706,1.1354397206646303,0.6928900011299977,0.67641051508113,0.657521451299072,0.6437155896871047,0.6318184698623536,"[2000, 2000]",0.594390977443609,relu
238,0.7984558662565467,0.861835695492121,1.0231274422356826,0.95006251039504,1.2340443442833733,0.70000527492188,0.6869600767364246,0.6506276356692423,0.6617873761720268,0.5850960417571945,"[2000, 2000]",0.5968947368421053,relu
239,0.9969731313432416,0.8761395147875342,0.922912991165087,1.0448794072632677,1.096081756311483,0.6994404668698805,0.6941965230548536,0.6850938015430625,0.6461539887948606,0.6312935633806729,"[2000, 2000]",0.5993984962406015,relu
240,0.9111991919305887,0.8122439803376278,0.8822057540225915,0.9193817274712228,1.0561758538161987,0.6583930387706896,0.6651214511345931,0.6320253920902764,0.6482898100866138,0.6208231462989648,"[2000, 2000]",0.6019022556390977,relu
241,0.9154975592917117,0.9143292430373167,0.9473122429164851,1.0782123626459414,1.095105659508078,0.6875142032222482,0.6733604089178189,0.6702301272833445,0.6380299897938965,0.6256167394036561,"[2000, 2000]",0.6044060150375941,relu
242,0.8543817760208873,0.8459325303949768,0.8910580169194676,0.9694661080098481,1.0586436126004584,0.6643260820927881,0.6471368390360315,0.6269719054137844,0.6041468228973066,0.6141426564655709,"[2000, 2000]",0.6069097744360903,relu
243,1.0306813970121729,0.9440377412970434,0.955209203267225,0.8923256791175784,1.0909619805315378,0.7016963516307471,0.6730523553583747,0.6670210650365669,0.6969496220829242,0.6302929521233329,"[2000, 2000]",0.6094135338345865,relu
244,0.8466933050674108,0.8352583459701334,0.8602937194674859,0.9986513130827687,1.1062682213387882,0.6836678384304512,0.6607341280735779,0.676204918274801,0.640325184379994,0.6319995396194661,"[2000, 2000]",0.6119172932330827,relu
245,0.9485669769949215,0.9272721260000752,0.9626145514995065,0.9833332048745987,1.1633458729974575,0.7210488827855274,0.6929793798274574,0.683809678721901,0.6978627463239961,0.6636521189954235,"[2000, 2000]",0.614421052631579,relu
246,0.9657553941946019,0.8658686054285252,0.941779974659129,1.1256049513144295,1.1085098358965713,0.7158712381177601,0.7078954940716302,0.684295374507686,0.661537800460964,0.6315163661165145,"[2000, 2000]",0.6169248120300752,relu
247,0.9265369583622962,0.8010506971649832,1.055497866762102,0.9749773244771418,1.1621821428082328,0.7036078248907801,0.684184066672102,0.6439694256919699,0.6600814076300504,0.6221215903171344,"[2000, 2000]",0.6194285714285714,relu
248,0.9837529133421442,0.8266204518961267,0.8325903949616184,0.9454238619798752,1.1705101314294104,0.6630450130813482,0.6717182761464856,0.662635257471281,0.6644878340857684,0.588619789351064,"[2000, 2000]",0.6219323308270677,relu
249,0.7554260458214636,0.7948840112223879,1.0420693095885418,0.9462507966728543,0.9780062560600059,0.6864238967407187,0.654630433292156,0.6003510635436142,0.5950051943004232,0.6282209156501537,"[2000, 2000]",0.6244360902255639,relu
250,0.928788991597554,0.9100749408394667,0.9697854567056721,1.0246668682352154,1.1215132318473384,0.7037967523049669,0.7164767344504969,0.6855119734952878,0.69104997424609,0.6169540426022102,"[2000, 2000]",0.6269398496240601,relu
251,1.042006081894639,0.9024423363835701,1.0376538084045785,1.0028808263437778,1.0695156419758853,0.7009317581105532,0.7142790439369299,0.662487404298869,0.6831749377842228,0.6583092932718564,"[2000, 2000]",0.6294436090225565,relu
252,1.0353795041339453,0.7984911506399981,0.9587118255449897,0.989753907876489,0.9239562337902301,0.6566631153440431,0.6912099770405739,0.6604772053307311,0.6681794740226401,0.6546742310631496,"[2000, 2000]",0.6319473684210527,relu
253,0.8627036830639325,0.8429201112796018,0.8803685713744532,1.0046142700120717,1.142083256378154,0.6923204944344259,0.6724205410274984,0.6672398111068218,0.6433317941101175,0.60883115664568,"[2000, 2000]",0.6344511278195489,relu
254,1.0553402534990213,0.8129674058692917,0.8123223206901095,1.0025008361824324,1.0406877827714331,0.6669228947302697,0.6779666471237112,0.6573523804635947,0.6522900641707615,0.6518779550061901,"[2000, 2000]",0.6369548872180452,relu
255,0.8524347044594933,0.8572048451034756,0.9274114413183919,1.1514062782456973,1.1113111739293278,0.7323849414055777,0.7128714545731178,0.7165444402448642,0.6570729161926627,0.6714734486369757,"[2000, 2000]",0.6394586466165414,relu
256,0.9328994423324062,0.986423441844501,0.9750533932824701,1.048988389893568,1.2069532330552561,0.7643825498604697,0.7056901473869858,0.7200369387501194,0.6754234759004133,0.6635834370448632,"[2000, 2000]",0.6419624060150376,relu
257,0.9177088330057095,0.8833900985251638,0.9731509050726549,0.9328351413038227,1.165493113738596,0.6975318968970584,0.690446746617504,0.6559959906313577,0.7013285849187328,0.6332714368499236,"[2000, 2000]",0.6444661654135339,relu
258,0.9370423829262055,0.9277820360522968,0.8751048901774714,0.9650831051540627,1.039003180528002,0.6790269426905484,0.6857748017715168,0.6751586274927335,0.6326146957976574,0.6581003257903199,"[2000, 2000]",0.6469699248120301,relu
259,0.8536114046373646,0.8873504846980049,0.9010183789876369,1.0697673209634775,1.0636484074141128,0.7092674151269001,0.703138836390002,0.676997377893918,0.6418598421064948,0.6643294342200818,"[2000, 2000]",0.6494736842105263,relu
260,0.9387357484833394,0.8902949105063093,1.0170798431583434,1.1159161702296776,1.0725592423430423,0.7388039031530547,0.7381073687291414,0.691915208103254,0.6672184861880495,0.671838386018032,"[2000, 2000]",0.6519774436090225,relu
261,0.9165008124472217,0.854579353421004,0.853443330891967,1.1117738647587254,1.1004629844179452,0.6929697772240715,0.6759420296875487,0.6962171311204158,0.6549617550507684,0.635997379872316,"[2000, 2000]",0.6544812030075188,relu
262,0.9999722450401445,0.8390807690585089,0.9146891326369364,0.8654368369377661,1.1074066870130796,0.681660213607403,0.6846824590248768,0.6481138226048786,0.6636354471119073,0.6202161979472439,"[2000, 2000]",0.6569849624060151,relu
263,0.8434688621294513,0.8600766607076263,0.9121829873124575,0.8785462419574837,1.053941741600038,0.6904084037846195,0.6500397078758289,0.6522001894780225,0.641570629852099,0.6105063949075473,"[2000, 2000]",0.6594887218045113,relu
264,0.8801511852085584,0.838979075328952,1.0442844661044188,1.0876868031014686,1.1118983913224203,0.733899384838069,0.7354866137420407,0.6814678680992319,0.6799909748531695,0.6926885861438827,"[2000, 2000]",0.6619924812030076,relu
265,0.8683125953752103,0.8089568552745768,0.9538712761948411,0.9442810723469721,1.0291988842021516,0.6533326154394695,0.6713343838334047,0.6311969266721983,0.6265007142361353,0.6163590916460472,"[2000, 2000]",0.6644962406015038,relu
266,1.0240753657395785,0.8966841876629573,0.9237765063956304,1.039803427894602,1.138639244210342,0.7174469632973041,0.7218698363016326,0.7258853540731917,0.7233748252287668,0.6676714201959228,"[2000, 2000]",0.667,relu
267,0.8659943307627804,0.8161058930306289,0.8943356037581164,1.0282620337453423,1.1050718134070407,0.6873178696164484,0.6933267660396858,0.6572717307272632,0.649649967593313,0.6298185791699542,"[2000, 2000]",0.6695037593984963,relu
268,0.9075683244547769,0.824465905429402,0.8298521176012439,1.0723216437911722,1.0182873543439082,0.6559558770419173,0.6694895494901082,0.6583583005251905,0.6240502587941841,0.6277938031452674,"[2000, 2000]",0.6720075187969925,relu
269,0.9181255445377994,0.958407783357628,0.8778279495768219,1.2031192205452264,1.1036427721138742,0.7271304769162431,0.6917749023379018,0.7161158033717793,0.6572222225191783,0.6738593191950765,"[2000, 2000]",0.6745112781954887,relu
270,1.045918991106989,0.8980464573188883,1.0430046128046782,1.0111245683450614,0.9994920330580244,0.7176173482587815,0.7193361901460809,0.6914215628467234,0.6854387270200467,0.6804929710379597,"[2000, 2000]",0.677015037593985,relu
271,0.9682084286137272,0.884974365571742,0.8128090877307419,0.939973199001796,0.9583089844230955,0.6516528458057251,0.6494172015767034,0.6477213609462652,0.6521696019828054,0.6425966849652699,"[2000, 2000]",0.6795187969924812,relu
272,0.9551782049495385,0.6724022255056814,0.9530646869538848,0.9214616468795553,1.0283149778710787,0.6506090600974849,0.6815661695254935,0.6194607779913557,0.6500755225029806,0.599113072940849,"[2000, 2000]",0.6820225563909775,relu
273,0.950557785580398,0.7922254968718335,0.8762856920499125,1.042909801519665,1.0545219898611289,0.6872675917530885,0.6977215321614931,0.6846825435682967,0.6340546553904991,0.6481957467810027,"[2000, 2000]",0.6845263157894738,relu
274,1.1233721520482964,0.7678085666276414,1.0306581576030818,0.9138286918085263,1.0877442835344924,0.6815271384253552,0.7271106053219047,0.6742730399795128,0.68825530934637,0.6652338165952981,"[2000, 2000]",0.68703007518797,relu
275,0.9113103666088613,0.8637808206473118,1.0111715092865587,0.7927972753182119,1.0451815233202268,0.6729899695807134,0.6628645285410564,0.6427154582410163,0.6721028408039492,0.6109648960575725,"[2000, 2000]",0.6895338345864662,relu
276,1.1212193922238625,0.8285695474370853,0.9536834624166,1.0249054683532484,1.121272248043307,0.6939812959890734,0.7113249516384851,0.6512170234315818,0.6577267135876769,0.638425557251164,"[2000, 2000]",0.6920375939849625,relu
277,1.0219239841938708,0.8813341040563478,0.901279707024867,1.0434647625415048,1.1533304886906564,0.7312875629618509,0.727224262224257,0.7109878207968477,0.6724166577334717,0.6568722948849955,"[2000, 2000]",0.6945413533834587,relu
278,1.2378279002642543,0.8451705101215634,0.9156193784894091,0.9402760337884876,1.2877296540257743,0.7292656677491464,0.7333940114212076,0.720678872981108,0.6996286285972451,0.6446400230843572,"[2000, 2000]",0.6970451127819549,relu
279,0.8946143887404514,0.7483526434064832,0.889819352627037,1.038269267228941,1.155789770994394,0.6959736337493114,0.7011076197099856,0.6650980465298535,0.6368389754112596,0.628932471501891,"[2000, 2000]",0.6995488721804511,relu
280,0.8667473506379301,0.865790392061299,0.9551365228064814,1.0707276223125515,0.9243757533784785,0.6831710184100789,0.6763269897699008,0.6689943925784086,0.6374160490384178,0.6608752349828991,"[2000, 2000]",0.7020526315789474,relu
281,0.889550441596983,0.8409111606833828,0.9390998018228928,1.020376343672255,1.079969630451277,0.6966765513312557,0.7007811925142406,0.6882491461861796,0.6642201289791212,0.6537618444053604,"[2000, 2000]",0.7045563909774436,relu
282,0.7683540041897684,0.7370772414394939,0.9006750757092977,0.881468203907525,1.1154163617454156,0.7008199625700873,0.6658604472754548,0.6264111450274175,0.6368361899610191,0.5896339863055743,"[2000, 2000]",0.7070601503759398,relu
283,1.08997841821822,0.7485480155357538,0.8922841520933154,1.0140064725098383,1.0893627512260735,0.7061638169899624,0.7142168328104279,0.6916408937169372,0.6466494000532916,0.6679571910506366,"[2000, 2000]",0.7095639097744362,relu
284,0.9381129487349388,0.8151493550448002,1.042273779207735,1.0090753439610036,1.146140684006171,0.7173766424990794,0.7122850442776579,0.6805960552823253,0.6773530782669461,0.6385769752189056,"[2000, 2000]",0.7120676691729324,relu
285,0.9322795658782772,0.8857074940134143,0.9494487827951342,0.9579704218165711,1.1074820821993974,0.7150874882402316,0.717137596158276,0.6793371728412817,0.7168803915007146,0.6717809709391045,"[2000, 2000]",0.7145714285714286,relu
286,0.8407176507224977,0.8661648114560517,0.9697708359184873,1.0530335644339581,1.150474069904369,0.7510055690869453,0.7341530276014153,0.6893331594624376,0.6912224038402718,0.6610663116619728,"[2000, 2000]",0.7170751879699249,relu
287,1.0784733672995526,0.8368386182641097,0.9203611597093865,1.0279921079996062,1.0829134185178628,0.720273734432052,0.7213829516030201,0.6785422854287975,0.6803747686783714,0.6852286566590398,"[2000, 2000]",0.7195789473684211,relu
288,0.919814830311652,0.795760199468889,0.9461923008485491,1.0144498948135503,1.0810823186621392,0.6756199120043108,0.6639981153333205,0.6824208830547986,0.6423123434099054,0.625512370976617,"[2000, 2000]",0.7220827067669173,relu
289,0.7863747276538087,0.8917891225917778,0.924025086564704,0.9934715361253739,1.0549661511638038,0.7126517868613146,0.6830215084461885,0.6779494121037009,0.6613731101022111,0.6468862914672372,"[2000, 2000]",0.7245864661654136,relu
290,0.9495080735385368,0.8038913633315549,1.0112682546952698,1.1045269229316232,1.0234047251927911,0.7336198539199745,0.7322166767873907,0.6796097799855061,0.6878214938645748,0.6747784040209326,"[2000, 2000]",0.7270902255639098,relu
291,1.0746279159468681,0.9349306177860363,1.0909035749834466,0.9097354429346208,1.0252272398150768,0.7120015032820631,0.6942689887866631,0.6880831602100569,0.7275746583841782,0.6658771931050239,"[2000, 2000]",0.729593984962406,relu
292,1.0603754903056062,0.8418100075194518,0.885525963868913,0.9182934151927079,1.1482525114346016,0.6944440902013298,0.694274769442512,0.6944106338088384,0.6791906593612829,0.6342356845980953,"[2000, 2000]",0.7320977443609022,relu
293,0.9273323694153008,0.9357114887334795,0.9371284730252565,1.0395556072099814,1.0466844956615649,0.7093611288272953,0.7058166585327112,0.6889181513471498,0.680670050223258,0.6579130658196803,"[2000, 2000]",0.7346015037593985,relu
294,1.0102278268987954,0.9096080882124872,0.9059442147485169,0.9072945127901986,1.0510580331647044,0.6797129685358478,0.6746642684263636,0.6964369659578153,0.6668832982616681,0.6467153795499042,"[2000, 2000]",0.7371052631578948,relu
295,0.9125876067907693,0.923357901745989,0.8953914851591452,1.017669911205031,1.0933818927212886,0.7222768499463155,0.720737101052758,0.7175616461449547,0.6984522618965301,0.6660910747022568,"[2000, 2000]",0.739609022556391,relu
296,0.9256808932476892,0.7645940169208966,0.9279473802201668,0.9937409212001541,1.2258145610473061,0.7244189286714848,0.7029038988853176,0.6945779978435592,0.6729142764235385,0.6359821820620517,"[2000, 2000]",0.7421127819548873,relu
297,0.9162388696654656,0.7957436708518962,0.9636424702268712,0.9824953869695755,1.0388461811918621,0.7100073651282881,0.7002376427512338,0.678256027768363,0.6647016927366166,0.6466859482579864,"[2000, 2000]",0.7446165413533835,relu
298,0.9113560316382839,0.9478971341577662,0.9313406595613776,0.9877320395777492,1.0573105634807858,0.7502844457822223,0.7305611106988256,0.7228222692992655,0.682137164499416,0.6955521086633606,"[2000, 2000]",0.7471203007518797,relu
299,0.930094198602547,0.8941830190047174,0.8748743036444229,0.9479039395771178,1.1257531148664564,0.7137070119726772,0.678434984253482,0.6818144202722899,0.6663593308603539,0.6386466328944944,"[2000, 2000]",0.749624060150376,relu
300,0.9663865646758171,0.8978531433233281,0.9635037640421499,1.1302158314158604,1.1265775475414561,0.7453797770500217,0.740494394009494,0.7318979478692369,0.703327344532019,0.667457036254967,"[2000, 2000]",0.7521278195488722,relu
301,0.8771388430905734,0.8404844734008206,0.9893023208514579,0.8891990478658074,1.063186603246779,0.6940303073546134,0.6814978344360666,0.6471895786147779,0.6601230266391372,0.6675923460447503,"[2000, 2000]",0.7546315789473684,relu
302,0.8688024619414202,0.888380988801982,1.027439035273915,1.1537138257184945,1.1371720059580346,0.7551240138818042,0.7554148275715815,0.7161122397898038,0.7019357491646223,0.6870007723149218,"[2000, 2000]",0.7571353383458647,relu
303,0.7399538483380095,0.8206770595080183,0.9438757075918496,0.9938355320182468,0.9702567039629761,0.7108568486382907,0.6972006155078717,0.6625481245060765,0.6436599161346286,0.6496440804605065,"[2000, 2000]",0.7596390977443609,relu
304,0.8110697455590818,0.9412345565615476,0.9909850270872468,0.9901492031711356,0.9743804573478376,0.7206776962212073,0.6806090262484552,0.6486771238248821,0.6810822795417177,0.6792945706371903,"[2000, 2000]",0.7621428571428571,relu
305,0.8977410226795959,0.847667347729012,0.9458136241425436,1.1088664993438155,1.0686748891514108,0.7256076114147181,0.7132243502958049,0.6901301599347754,0.6824466907535424,0.6626746972159341,"[2000, 2000]",0.7646466165413535,relu
306,1.013475635816126,0.8585502610449939,0.8926507282645958,0.9751059564156538,1.1523641250085825,0.7477289063919841,0.7246922827831327,0.715007100060576,0.6930001382491963,0.6511235675094318,"[2000, 2000]",0.7671503759398497,relu
307,0.9981604724407586,0.8138218978496621,0.9420799259654669,0.9118895454193652,0.9937117334689648,0.6784236575728937,0.671219643564393,0.6581879010792363,0.6601351504520371,0.6378773981251347,"[2000, 2000]",0.7696541353383459,relu
308,0.910564766772685,0.8379763108929468,0.9218698541478291,1.0248779546339624,1.009963121749359,0.7274123669167571,0.691943851974818,0.6977725230159213,0.6633527612996643,0.6747266811306819,"[2000, 2000]",0.7721578947368422,relu
309,0.8848592291548862,0.73688484413387,0.9200869112528806,0.9897130737634796,1.0572144252647229,0.6694817912455228,0.6922125865975108,0.6486291704973569,0.6432447950724298,0.6129411806263055,"[2000, 2000]",0.7746616541353384,relu
310,0.9513789938357515,0.9240354338603304,1.098670302671626,1.085716225827199,1.0763427373112457,0.7630421743680383,0.7732733635075195,0.7058118097633159,0.7119999509861009,0.7218963987783524,"[2000, 2000]",0.7771654135338346,relu
311,0.9547236257665688,0.8816232593751115,0.9088566104844519,1.0758458598133611,1.0416988995474898,0.7452111683511429,0.7379036309237371,0.7298970070324404,0.7057805771116344,0.7087466249208915,"[2000, 2000]",0.7796691729323308,relu
312,0.8528339335989225,0.8483919419466706,0.9118885717777722,1.0447042644097442,1.0606484315076523,0.7143307659560041,0.7130907178647421,0.6832934273741915,0.6722519732407383,0.6475588623675115,"[2000, 2000]",0.7821729323308271,relu
313,0.9349077014102349,0.9061313874092467,0.930873095322546,1.0711162570478556,1.1133322180647824,0.7342089712521827,0.7249642643015471,0.7042870251879155,0.6761487555738052,0.6495641185244295,"[2000, 2000]",0.7846766917293233,relu
314,1.013917263128844,0.9290553017220463,0.8810272776001455,1.0650848970357112,1.1909148765150097,0.7439427986341585,0.7468321116069775,0.7444633342835533,0.6888299549386211,0.6772686610187206,"[2000, 2000]",0.7871804511278195,relu
315,0.9231842179360661,0.8410798433439952,1.1121256216385649,1.1209172913835739,1.1484822774408214,0.7407393957236506,0.7409961057939175,0.6907042760449251,0.6961046483768525,0.6675306001073132,"[2000, 2000]",0.7896842105263159,relu
316,0.8975677554202552,0.9788154493478759,0.893981516855309,0.9950921057106379,1.0345775993785902,0.7155922596722332,0.6843683723786582,0.6981030129719358,0.6776659115435196,0.7000864880166733,"[2000, 2000]",0.7921879699248121,relu
317,0.9744269528123821,0.8873625923170607,0.875600918538102,1.0492985475027734,1.0935761364171968,0.7207234156504834,0.7093170968395366,0.7254047763319926,0.6857993247188726,0.6577426527356522,"[2000, 2000]",0.7946917293233083,relu
318,0.8675522519756533,0.9778849658974849,0.8863830069217109,0.914314787934871,1.141256901064615,0.7072703375932823,0.6919002126952154,0.7056018237912239,0.6659708688039446,0.6344476588055356,"[2000, 2000]",0.7971954887218046,relu
319,1.0318291717265051,0.9388883431708187,0.9154302187151383,0.984848905508535,1.064665676106728,0.7353177815206036,0.7165294166928831,0.722834424092694,0.702990405612412,0.695538194777678,"[2000, 2000]",0.7996992481203008,relu
320,0.9643172158957259,0.8953920194503463,0.9301844500757802,1.0853366389025085,1.0975760840677256,0.7292716278419551,0.7243496751861609,0.707521230934936,0.6850025918815533,0.6968648771566829,"[2000, 2000]",0.802203007518797,relu
321,0.8969431366955578,0.8881267648566964,0.9209012235272169,0.9281818828931577,1.060369561240132,0.7005380496611996,0.6963932231248195,0.6908299717936465,0.6766201476367777,0.6605044276194556,"[2000, 2000]",0.8047067669172933,relu
322,1.0167214948332888,0.7790087607880434,0.8925322804242029,1.0777125284957425,1.0576798084619385,0.7003940868100861,0.7313813611613209,0.7185124899612434,0.6715966825959009,0.6621080477774007,"[2000, 2000]",0.8072105263157895,relu
323,0.8684301986563931,0.7905490704120853,0.8882207181886606,1.0979844097176121,1.1552328779992351,0.73299823443044,0.7349847981133515,0.6946033425841489,0.6407619239986638,0.6395917102941246,"[2000, 2000]",0.8097142857142857,relu
324,0.891109253751595,0.9850618305326179,0.9351966659994094,1.0246390187711971,1.156313484171982,0.7630571331096972,0.7001956751879893,0.725808791114367,0.709353290845181,0.6941557606421178,"[2000, 2000]",0.812218045112782,relu
325,0.8493092046572376,0.9383336424874839,0.9472839887059756,0.99671771336034,1.0813865914169805,0.7546611893367003,0.7273571791499099,0.7374169148979391,0.7200878369619356,0.6820304509995714,"[2000, 2000]",0.8147218045112782,relu
326,0.9874775502220979,0.839023980853718,0.8928605578530925,0.9483485203475023,1.0600391174437163,0.6746930857069409,0.6730987493530897,0.6822873013159322,0.6478382901383982,0.6419251317018589,"[2000, 2000]",0.8172255639097745,relu
327,0.9227624431832109,0.8642435378643926,0.8678142297917749,1.0307313146124597,1.1239617041706655,0.7352093282873798,0.7141938189710451,0.6924756766537506,0.6800224051500375,0.6188023822504628,"[2000, 2000]",0.8197293233082708,relu
328,0.9452303976321318,0.8436901611043965,1.0314933458168156,0.931058901480753,1.037429113227107,0.7291117195686097,0.7373269621234511,0.6804037644162193,0.7092061205020702,0.691227146654834,"[2000, 2000]",0.822233082706767,relu
329,0.9097525457990738,0.8948007702693825,0.9231505428131669,1.0071101902695785,1.016607046624012,0.7344338546983851,0.6908519847320457,0.7189968365591347,0.6756797244782342,0.7065675406505937,"[2000, 2000]",0.8247368421052632,relu
330,0.9896554112680009,0.98998031347986,0.9232384471890288,0.9672370287740205,1.2143698370237248,0.7565670340705064,0.7706650927404455,0.7255685985117996,0.7209036222732762,0.7028797597693366,"[2000, 2000]",0.8272406015037594,relu
331,0.9786352389581614,0.8703561308312366,0.9805935857435178,0.8916104646559045,1.1740527935422371,0.7449533934278758,0.7409698590850912,0.7056570989797082,0.7149804436716627,0.6712825741113131,"[2000, 2000]",0.8297443609022557,relu
332,1.0323003436932088,0.8598605706432415,1.0430583595670206,1.1627578377981018,1.188347360081611,0.7923441497008781,0.7933808023572791,0.759420358843592,0.7276447903608284,0.752222490158521,"[2000, 2000]",0.8322481203007519,relu
333,1.155817404095481,0.7524404918352066,0.848643763316908,1.0715385315729276,1.0802401327809206,0.7042169133945889,0.7750322232871307,0.7258072212539056,0.6675272770823563,0.6869632510521535,"[2000, 2000]",0.8347518796992481,relu
334,1.0479998348151356,0.8443288230292861,0.9693413420679959,0.922270603411957,0.9748899651986419,0.6860087209463663,0.6809672997106812,0.6678391211557757,0.6689793148251356,0.6846255846340812,"[2000, 2000]",0.8372556390977444,relu
335,0.8663457677690594,0.794150245130031,0.9979292036802577,1.1299938067536182,0.9880771350058389,0.729272919037725,0.7349028547200964,0.6924559200926665,0.6545617317861478,0.6728476615028867,"[2000, 2000]",0.8397593984962406,relu
336,0.9940215447679194,0.8730991875986187,1.0711679320016247,0.8597351210846665,1.2898105237119073,0.7605170619897152,0.760820382604747,0.7308383022030019,0.7463102698472914,0.6647954747178887,"[2000, 2000]",0.8422631578947369,relu
337,0.9653973705959027,0.8663157244989383,0.8730725853590781,1.0067112141959063,1.1565534495045469,0.728046973320486,0.74432754342144,0.7183061564529247,0.682906090065179,0.6678116358888829,"[2000, 2000]",0.8447669172932332,relu
338,1.1093981083997357,0.9927992417863845,0.8103363122968879,1.03589747612127,0.9845312083838045,0.6967220899046334,0.6724494665856179,0.7144955554849045,0.6678155652619602,0.6684497974377825,"[2000, 2000]",0.8472706766917294,relu
339,0.9514254595569898,0.9241560138431795,0.9735271159530591,0.973663832851496,1.1916581552262855,0.7584702089710665,0.718802866841819,0.7169234053229504,0.7123522479205,0.6643977515528334,"[2000, 2000]",0.8497744360902256,relu
340,0.8850309505671589,0.8084240442727325,1.0061973766185075,0.9168039914451432,1.2269085128980737,0.7322619582006473,0.7230001754624948,0.6777448786138547,0.699686991668994,0.6265291007113525,"[2000, 2000]",0.8522781954887219,relu
341,0.9028617108466599,0.8047306454740547,0.9616585437741402,0.9472935916659316,1.1155178155765908,0.7324935043828199,0.7163194676409219,0.6823835280102098,0.685251802232204,0.645341074442136,"[2000, 2000]",0.8547819548872181,relu
342,0.9859291246084758,0.833059025900763,0.9153224529818774,0.9070751818154307,1.0510283745252331,0.7030136152407567,0.7051809023112491,0.6689528983072095,0.6892194157723525,0.6394310755333739,"[2000, 2000]",0.8572857142857143,relu
343,1.009226571642566,0.8196742280124383,1.0759726342803067,1.0334920756507318,0.9353414537406298,0.7125417336106696,0.7225222233760114,0.6551678231807186,0.6691848154143452,0.6918766279436546,"[2000, 2000]",0.8597894736842105,relu
344,0.9736287249312765,0.7948138811075263,0.8980205694376081,0.992583974042071,1.1409994546283238,0.7289955739836553,0.7471298860743415,0.7094408879263395,0.7288834664682333,0.6617725985746123,"[2000, 2000]",0.8622932330827068,relu
345,0.977261126858978,0.9282087028173305,1.052516892984333,1.0672948748471576,1.0060983142701698,0.7514042895962461,0.7411615600009451,0.7187063372299615,0.7059417535235887,0.7134728537189121,"[2000, 2000]",0.864796992481203,relu
346,1.0471379729797556,0.9614633064552468,0.9825691625122315,1.1871622158481945,1.0663277007097767,0.7768150856965067,0.7902734395746577,0.7734187626782811,0.7273380936256257,0.7432025742299138,"[2000, 2000]",0.8673007518796992,relu
347,0.9128658324423575,0.8600680508833518,0.9974990643092851,1.0381227963039583,1.1708086589606477,0.7536440405399255,0.7663746748545006,0.7122813285140627,0.7158378670916383,0.6778201110286162,"[2000, 2000]",0.8698045112781956,relu
348,1.0363917514930965,0.896009144939989,0.8365316131654842,0.9854786908097615,1.0120477178954501,0.6889609088518666,0.7106765352775887,0.6833471215062316,0.6773801848390896,0.6627181212636988,"[2000, 2000]",0.8723082706766918,relu
349,1.075083807775684,0.8286858379702777,0.712032454597856,0.9985871540718443,0.9340870121798877,0.6313877670842166,0.6896719938437853,0.6831274623114915,0.6277372004045592,0.6465018326987925,"[2000, 2000]",0.874812030075188,relu
350,0.8815400032327748,0.8293493833896354,0.9247917155627245,1.0957806807060828,1.1297783693854506,0.7155709458966264,0.7255867690279528,0.6757908744443174,0.6861341967212006,0.6638185761397707,"[2000, 2000]",0.8773157894736843,relu
351,0.9151096181055959,0.8236394109751597,0.8991524974447709,0.959609420323669,1.0915032899248485,0.7086845448910368,0.679995346336996,0.6879134975011276,0.650322800060782,0.6668630307426733,"[2000, 2000]",0.8798195488721805,relu
352,0.980337360616292,0.8856726028003371,0.9722775771019749,0.8668570491837612,0.9179827910988168,0.6885465627215352,0.673686338012261,0.6555286418415286,0.6617430536087946,0.6689387639820762,"[2000, 2000]",0.8823233082706767,relu
353,1.0571359544843646,0.9413662801772488,0.8353231028618022,1.1740203108582232,1.0133899022302704,0.7388825628533551,0.737658222003894,0.7351974329635838,0.6647622317790641,0.6979857704004392,"[2000, 2000]",0.884827067669173,relu
354,0.9156363312769812,0.9283207619780698,0.8942782905647202,1.0099439847461407,1.0938017762515317,0.7250797181951822,0.7093715657461575,0.7299263449364187,0.6943238407460716,0.6722718501319409,"[2000, 2000]",0.8873308270676692,relu
355,0.9722330533996354,0.9920592480768942,0.7917168762264405,1.0988550895610982,1.1465292720502813,0.7626848239945536,0.7440812791052317,0.7589289773388309,0.694618299446473,0.7030276344552673,"[2000, 2000]",0.8898345864661654,relu
356,1.0615735188072908,0.9639597280836224,0.9664019368155812,1.028768960926202,0.9914491421434852,0.7242783937474601,0.7259035299254103,0.7223558698153631,0.698373839056442,0.707389069748426,"[2000, 2000]",0.8923383458646617,relu
357,0.9792856840269863,0.816095856749731,0.9623378616432218,0.9425195759186679,1.0991036214684868,0.7309075667228144,0.748706549036953,0.6906769435578616,0.7106450356392005,0.6801992360379241,"[2000, 2000]",0.8948421052631579,relu
358,0.9689916708256464,0.8282899134035994,1.0571938307897868,0.9125119735074552,1.1292430026910998,0.7481942157465514,0.7671775908480751,0.7141332204368297,0.7334022646188731,0.6851943275050022,"[2000, 2000]",0.8973458646616542,relu
359,1.0321068770289035,1.0133346587271108,0.981123083872072,1.101585592320421,0.9711404331587665,0.7315888856796813,0.7386729852119067,0.7368416325615245,0.7296790205096739,0.7390430691085148,"[2000, 2000]",0.8998496240601505,relu
