,mean Validation Error,Mean training,alpha
0,2.1897712792047703,2.1544256642810375,0.01
1,2.189769350736106,2.1544266431560084,0.02
2,2.1897674284241297,2.154427629535587,0.03
3,2.18976551226586,2.154428623427214,0.04
4,2.1897636022583145,2.154429624837865,0.05
5,2.1897616983985158,2.1544306337740324,0.060000000000000005
6,2.1897598006834866,2.1544316502417025,0.06999999999999999
7,2.189757909110253,2.154432674246336,0.08
8,2.1897560236758453,2.15443370579286,0.09
9,2.1897541443772908,2.154434744885646,0.09999999999999999
10,2.189752271211624,2.1544357915284977,0.11
11,2.1897504041758817,2.154436845724634,0.12
12,2.189748543267099,2.154437907476675,0.13
13,2.1897466884823147,2.15443897678664,0.14
14,2.1897448398185726,2.1544400536559234,0.15000000000000002
15,2.189742997272916,2.1544411380853017,0.16
16,2.189741160842393,2.154442230074906,0.17
17,2.18973933052405,2.154443329624238,0.18000000000000002
18,2.1897375063149394,2.154444436732147,0.19
19,2.1897356882121133,2.1544455513968357,0.2
20,2.189733876212628,2.154446673615856,0.21000000000000002
21,2.1897320703135406,2.1544478033861085,0.22
22,2.189730270511912,2.1544489407038485,0.23
23,2.189728476804805,2.154450085564677,0.24000000000000002
24,2.1897266891892824,2.1544512379635563,0.25
25,2.1897249076624123,2.154452397894807,0.26
26,2.1897231322212627,2.154453565352123,0.27
27,2.189721362862906,2.154454740328571,0.28
28,2.189719599584415,2.15445592281661,0.29000000000000004
29,2.1897178423828683,2.1544571128080885,0.3
30,2.189716091255341,2.1544583102942694,0.31
31,2.189714346198914,2.1544595152658346,0.32
32,2.1897126072106703,2.1544607277129106,0.33
33,2.189710874287696,2.1544619476250646,0.34
34,2.1897091474270765,2.1544631749913394,0.35000000000000003
35,2.1897074266259033,2.1544644098002608,0.36000000000000004
36,2.189705711881267,2.1544656520398573,0.37
37,2.1897040031902613,2.154466901697675,0.38
38,2.189702300549983,2.15446815876081,0.39
39,2.1897006039575313,2.1544694232159114,0.4
40,2.1896989134100058,2.1544706950492087,0.41000000000000003
41,2.1896972289045107,2.1544719742465372,0.42000000000000004
42,2.1896955504381515,2.15447326079335,0.43
43,2.1896938780080357,2.154474554674742,0.44
44,2.1896922116112716,2.154475855875476,0.45
45,2.1896905512449725,2.1544771643799994,0.46
46,2.1896888969062536,2.1544784801724615,0.47000000000000003
47,2.1896872485922323,2.154479803236745,0.48000000000000004
48,2.189685606300025,2.154481133556477,0.49
49,2.1896839700267545,2.154482471115053,0.5
50,2.1896823397695435,2.1544838158956665,0.51
51,2.189680715525519,2.1544851678813104,0.52
52,2.189679097291808,2.1544865270548117,0.53
53,2.1896774850655416,2.154487893398846,0.54
54,2.1896758788438517,2.154489266895956,0.55
55,2.189674278623873,2.154490647528574,0.56
56,2.189672684402743,2.1544920352790315,0.5700000000000001
57,2.1896710961776016,2.154493430129584,0.5800000000000001
58,2.1896695139455895,2.154494832062425,0.59
59,2.1896679377038506,2.1544962410597006,0.6
60,2.1896663674495325,2.1544976571035273,0.61
61,2.1896648031797814,2.1544990801760076,0.62
62,2.1896632448917503,2.1545005102592407,0.63
63,2.1896616925825896,2.1545019473353393,0.64
64,2.189660146249457,2.1545033913864398,0.65
65,2.189658605889508,2.154504842394716,0.66
66,2.1896570714999033,2.1545063003423945,0.67
67,2.1896555430778033,2.1545077652117537,0.68
68,2.1896540206203743,2.1545092369851506,0.6900000000000001
69,2.1896525041247825,2.154510715645015,0.7000000000000001
70,2.1896509935881965,2.1545122011738695,0.7100000000000001
71,2.1896494890077864,2.1545136935543368,0.72
72,2.1896479903807253,2.1545151927691353,0.73
73,2.1896464977041927,2.1545166988011055,0.74
74,2.18964501097536,2.1545182116332007,0.75
75,2.189643530191412,2.154519731248503,0.76
76,2.1896420553495286,2.154521257630224,0.77
77,2.1896405864468953,2.15452279076171,0.78
78,2.189639123480699,2.154524330626453,0.79
79,2.1896376664481285,2.1545258772080804,0.8
80,2.1896362153463755,2.154527430490378,0.81
81,2.1896347701726344,2.1545289904572744,0.8200000000000001
82,2.189633330924098,2.15453055709286,0.8300000000000001
83,2.1896318975979683,2.1545321303813814,0.8400000000000001
84,2.189630470191443,2.1545337103072404,0.85
85,2.1896290487017254,2.154535296855002,0.86
86,2.1896276331260207,2.154536890009397,0.87
87,2.189626223461535,2.154538489755315,0.88
88,2.189624819705479,2.1545400960778083,0.89
89,2.189623421855064,2.1545417089620997,0.9
90,2.1896220299075035,2.1545433283935753,0.91
91,2.1896206438600134,2.154544954357786,0.92
92,2.1896192637098126,2.154546586840448,0.93
93,2.189617889454122,2.1545482258274404,0.9400000000000001
94,2.189616521090164,2.154549871304806,0.9500000000000001
95,2.189615158615162,2.154551523258758,0.9600000000000001
96,2.1896138020263476,2.154553181675661,0.97
97,2.1896124513209467,2.15455484654205,0.98
98,2.1896111064961925,2.154556517844618,0.99
99,2.189609767549321,2.154558195570207,1.0
100,2.189608434477564,2.1545598797058316,1.01
101,2.189607107278164,2.1545615702386494,1.02
102,2.18960578594836,2.15456326715598,1.03
103,2.1896044704853974,2.1545649704452883,1.04
104,2.189603160886519,2.1545666800941947,1.05
105,2.189601857148973,2.154568396090466,1.06
106,2.18960055927001,2.154570118422013,1.07
107,2.189599267246881,2.154571847076891,1.08
108,2.1895979810768433,2.1545735820433025,1.09
109,2.1895967007571495,2.154575323309584,1.1
110,2.18959542628506,2.1545770708642102,1.11
111,2.1895941576578366,2.154578824695795,1.12
112,2.1895928948727423,2.1545805847930826,1.1300000000000001
113,2.189591637927042,2.1545823511449482,1.1400000000000001
114,2.1895903868180047,2.1545841237404004,1.1500000000000001
115,2.189589141542899,2.1545859025685647,1.1600000000000001
116,2.189587902098998,2.1545876876186982,1.17
117,2.1895866684835754,2.154589478880184,1.18
118,2.18958544069391,2.154591276342517,1.19
119,2.189584218727279,2.1545930799953084,1.2
120,2.1895830025809637,2.1545948898282923,1.21
121,2.1895817922522487,2.154596705831315,1.22
122,2.189580587738419,2.1545985279943256,1.23
123,2.1895793890367607,2.1546003563073928,1.24
124,2.189578196144568,2.1546021907606865,1.25
125,2.18957700905913,2.1546040313444785,1.26
126,2.189575827777743,2.1546058780491495,1.27
127,2.1895746522977033,2.154607730865175,1.28
128,2.1895734826163094,2.154609589783135,1.29
129,2.189572318730865,2.154611454793698,1.3
130,2.1895711606386703,2.1546133258876337,1.31
131,2.189570008337034,2.154615203055801,1.32
132,2.1895688618232625,2.154617086289149,1.33
133,2.189567721094666,2.15461897557872,1.34
134,2.1895665861485583,2.1546208709156365,1.35
135,2.1895654569822534,2.154622772291108,1.36
136,2.1895643335930686,2.154624679696436,1.37
137,2.1895632159783216,2.1546265931229884,1.3800000000000001
138,2.1895621041353355,2.154628512562224,1.3900000000000001
139,2.1895609980614354,2.154630438005675,1.4000000000000001
140,2.189559897753943,2.1546323694449523,1.4100000000000001
141,2.1895588032101894,2.1546343068717424,1.42
142,2.189557714427503,2.1546362502778007,1.43
143,2.1895566314032187,2.1546381996549613,1.44
144,2.18955555413467,2.1546401549951213,1.45
145,2.1895544826191946,2.154642116290254,1.46
146,2.189553416854131,2.1546440835323932,1.47
147,2.1895523568368196,2.154646056713643,1.48
148,2.189551302564605,2.1546480358261704,1.49
149,2.1895502540348346,2.1546500208622126,1.5
150,2.189549211244855,2.154652011814055,1.51
151,2.189548174192016,2.154654008674058,1.52
152,2.189547142873671,2.154656011434632,1.53
153,2.1895461172871755,2.154658020088251,1.54
154,2.1895450974298845,2.154660034627444,1.55
155,2.189544083299159,2.1546620550448017,1.56
156,2.1895430748923594,2.154664081332957,1.57
157,2.189542072206849,2.1546661134846112,1.58
158,2.1895410752399944,2.154668151492511,1.59
159,2.189540083989163,2.154670195349455,1.6
160,2.1895390984517276,2.1546722450482942,1.61
161,2.1895381186250567,2.1546743005819318,1.62
162,2.1895371445065273,2.1546763619433182,1.6300000000000001
163,2.1895361760935157,2.1546784291254464,1.6400000000000001
164,2.1895352133834023,2.1546805021213666,1.6500000000000001
165,2.189534256373567,2.1546825809241676,1.6600000000000001
166,2.1895333050613925,2.1546846655269896,1.6700000000000002
167,2.189532359444266,2.1546867559230125,1.68
168,2.189531419519575,2.1546888521054646,1.69
169,2.1895304852847097,2.1546909540676156,1.7
170,2.189529556737062,2.154693061802774,1.71
171,2.189528633874028,2.154695175304295,1.72
172,2.1895277166930027,2.1546972945655734,1.73
173,2.1895268051913863,2.1546994195800466,1.74
174,2.1895258993665787,2.154701550341186,1.75
175,2.1895249992159846,2.154703686842505,1.76
176,2.1895241047370084,2.15470582907756,1.77
177,2.189523215927059,2.1547079770399384,1.78
178,2.1895223327835436,2.1547101307232643,1.79
179,2.189521455303879,2.1547122901212075,1.8
180,2.189520583485475,2.1547144552274657,1.81
181,2.18951971732575,2.1547166260357717,1.82
182,2.189518856822125,2.154718802539902,1.83
183,2.1895180019720177,2.154720984733657,1.84
184,2.1895171527728534,2.154723172610878,1.85
185,2.1895163092220553,2.1547253661654397,1.86
186,2.189515471317053,2.1547275653912465,1.87
187,2.1895146390552735,2.1547297702822377,1.8800000000000001
188,2.1895138124341518,2.154731980832383,1.8900000000000001
189,2.189512991451121,2.154734197035687,1.9000000000000001
190,2.189512176103616,2.1547364188861855,1.9100000000000001
191,2.189511366389076,2.154738646377938,1.9200000000000002
192,2.189510562304943,2.154740879505047,1.93
193,2.1895097638486583,2.154743118261636,1.94
194,2.1895089710176694,2.1547453626418607,1.95
195,2.1895081838094193,2.1547476126399054,1.96
196,2.18950740222136,2.1547498682499895,1.97
197,2.1895066262509424,2.1547521294663525,1.98
198,2.1895058558956224,2.1547543962832707,1.99
199,2.1895050911528533,2.154756668695039,2.0
200,2.1895043320200935,2.1547589466959884,2.01
201,2.1895035784948047,2.154761230280477,2.02
202,2.1895028305744484,2.154763519442887,2.03
203,2.1895020882564897,2.1547658141776256,2.04
204,2.189501351538395,2.1547681144791335,2.05
205,2.189500620417635,2.154770420341873,2.0599999999999996
206,2.1894998948916777,2.1547727317603327,2.07
207,2.1894991749579997,2.1547750487290322,2.0799999999999996
208,2.189498460614074,2.1547773712425076,2.09
209,2.18949775185738,2.1547796992953305,2.0999999999999996
210,2.1894970486853973,2.1547820328820877,2.11
211,2.1894963510956087,2.1547843719974016,2.1199999999999997
212,2.1894956590854946,2.1547867166359134,2.13
213,2.1894949726525477,2.1547890667922887,2.1399999999999997
214,2.189494291794251,2.154791422461217,2.15
215,2.189493616508099,2.154793783637417,2.1599999999999997
216,2.189492946791581,2.154796150315624,2.17
217,2.1894922826421954,2.154798522490605,2.1799999999999997
218,2.189491624057439,2.1548009001571438,2.19
219,2.1894909710348096,2.154803283310052,2.1999999999999997
220,2.1894903235718095,2.1548056719441595,2.21
221,2.189489681665941,2.154808066054324,2.2199999999999998
222,2.189489045314714,2.154810465635427,2.23
223,2.189488414515634,2.1548128706823677,2.2399999999999998
224,2.1894877892662103,2.15481528119007,2.25
225,2.1894871695639573,2.1548176971534843,2.26
226,2.189486555406387,2.154820118567572,2.27
227,2.1894859467910184,2.154822545427331,2.28
228,2.1894853437153685,2.154824977727772,2.29
229,2.1894847461769613,2.154827415463926,2.3
230,2.189484154173317,2.1548298586308525,2.31
231,2.189483567701962,2.1548323072236304,2.32
232,2.1894829867604253,2.154834761237354,2.3299999999999996
233,2.1894824113462326,2.1548372206671442,2.34
234,2.1894818414569186,2.1548396855081435,2.3499999999999996
235,2.1894812770900156,2.1548421557555133,2.36
236,2.189480718243064,2.154844631404437,2.3699999999999997
237,2.1894801649135966,2.154847112450115,2.38
238,2.189479617099157,2.1548495988877736,2.3899999999999997
239,2.1894790747972848,2.1548520907126525,2.4
240,2.1894785380055275,2.154854587920021,2.4099999999999997
241,2.18947800672143,2.1548570905051614,2.42
242,2.189477480942544,2.1548595984633776,2.4299999999999997
243,2.1894769606664166,2.1548621117899938,2.44
244,2.1894764458906044,2.1548646304803523,2.4499999999999997
245,2.1894759366126606,2.1548671545298186,2.46
246,2.189475432830143,2.154869683933777,2.4699999999999998
247,2.189474934540613,2.1548722186876255,2.48
248,2.1894744417416305,2.1548747587867894,2.4899999999999998
249,2.18947395443076,2.154877304226708,2.5
250,2.1894734726055685,2.154879855002842,2.51
251,2.1894729962636226,2.154882411110668,2.52
252,2.189472525402494,2.1548849725456893,2.53
253,2.1894720600197544,2.1548875393034157,2.54
254,2.1894716001129773,2.154890111379384,2.55
255,2.1894711456797418,2.1548926887691486,2.56
256,2.189470696717624,2.154895271468282,2.57
257,2.189470253224208,2.1548978594723756,2.5799999999999996
258,2.1894698151970746,2.1549004527770332,2.59
259,2.1894693826338085,2.1549030513778855,2.5999999999999996
260,2.1894689555319995,2.1549056552705763,2.61
261,2.1894685338892366,2.1549082644507678,2.6199999999999997
262,2.189468117703109,2.154910878914139,2.63
263,2.1894677069712123,2.15491349865639,2.6399999999999997
264,2.1894673016911423,2.154916123673235,2.65
265,2.189466901860497,2.154918753960408,2.6599999999999997
266,2.189466507476875,2.154921389513657,2.67
267,2.1894661185378803,2.1549240303287553,2.6799999999999997
268,2.1894657350411175,2.154926676401483,2.69
269,2.18946535698419,2.1549293277276442,2.6999999999999997
270,2.1894649843647094,2.154931984303058,2.71
271,2.189464617180285,2.1549346461235603,2.7199999999999998
272,2.1894642554285326,2.154937313185004,2.73
273,2.1894638991070616,2.1549399854832583,2.7399999999999998
274,2.1894635482134928,2.1549426630142112,2.75
275,2.1894632027454444,2.1549453457737666,2.76
276,2.1894628627005357,2.15494803375784,2.77
277,2.189462528076393,2.1549507269623707,2.78
278,2.189462198870642,2.15495342538331,2.79
279,2.1894618750809087,2.154956129016627,2.8
280,2.1894615567048197,2.1549588378583038,2.81
281,2.189461243740012,2.154961551904345,2.82
282,2.189460936184118,2.1549642711507624,2.8299999999999996
283,2.1894606340347718,2.154966995593589,2.84
284,2.189460337289614,2.1549697252288773,2.8499999999999996
285,2.189460045946282,2.154972460052686,2.86
286,2.189459760002419,2.154975200061097,2.8699999999999997
287,2.1894594794556705,2.154977945250207,2.88
288,2.1894592043036836,2.1549806956161217,2.8899999999999997
289,2.189458934544103,2.154983451154971,2.9
290,2.189458670174582,2.1549862118628913,2.9099999999999997
291,2.1894584111927746,2.1549889777360436,2.92
292,2.189458157596334,2.1549917487705907,2.9299999999999997
293,2.189457909382915,2.1549945249627314,2.94
294,2.1894576665501813,2.1549973063086547,2.9499999999999997
295,2.18945742909579,2.1550000928045843,2.96
296,2.189457197017407,2.1550028844467453,2.9699999999999998
297,2.189456970312694,2.1550056812313847,2.98
298,2.1894567489793215,2.155008483154765,2.9899999999999998
299,2.1894565330149596,2.1550112902131526,3.0
300,2.1894563224172763,2.1550141024028457,3.01
301,2.1894561171839486,2.1550169197201416,3.02
302,2.1894559173126495,2.155019742161357,3.03
303,2.1894557228010596,2.155022569722825,3.04
304,2.1894555336468557,2.155025402400891,3.05
305,2.189455349847722,2.1550282401919145,3.06
306,2.1894551714013413,2.155031083092266,3.07
307,2.1894549983053997,2.1550339310983366,3.08
308,2.1894548305575854,2.1550367842065232,3.09
309,2.18945466815559,2.1550396424132408,3.0999999999999996
310,2.1894545110971038,2.1550425057149205,3.11
311,2.1894543593798232,2.155045374108001,3.1199999999999997
312,2.189454213001442,2.155048247588938,3.13
313,2.189454071959661,2.1550511261542,3.1399999999999997
314,2.189453936252179,2.155054009800267,3.15
315,2.189453805876701,2.155056898523634,3.1599999999999997
316,2.1894536808309293,2.1550597923208104,3.17
317,2.1894535611125727,2.155062691188317,3.1799999999999997
318,2.1894534467193383,2.1550655951226854,3.19
319,2.1894533376489376,2.1550685041204645,3.1999999999999997
320,2.1894532338990835,2.155071418178213,3.21
321,2.1894531354674918,2.1550743372925023,3.2199999999999998
322,2.1894530423518788,2.155077261459917,3.23
323,2.1894529545499637,2.1550801906770567,3.2399999999999998
324,2.1894528720594675,2.1550831249405307,3.25
325,2.1894527948781137,2.1550860642469574,3.26
326,2.189452723003628,2.155089008592978,3.27
327,2.1894526564337387,2.1550919579752326,3.28
328,2.1894525951661725,2.1550949123903846,3.29
329,2.1894525391986637,2.155097871835105,3.3
330,2.1894524885289433,2.1551008363060746,3.31
331,2.1894524431547486,2.155103805799989,3.32
332,2.1894524030738176,2.155106780313559,3.33
333,2.189452368283888,2.1551097598434987,3.34
334,2.189452338782703,2.155112744386542,3.3499999999999996
335,2.1894523145680047,2.1551157339394287,3.36
336,2.189452295637542,2.155118728498918,3.3699999999999997
337,2.1894522819890603,2.1551217280617667,3.38
338,2.1894522736203097,2.15512473262476,3.3899999999999997
339,2.189452270529044,2.155127742184681,3.4
340,2.1894522727130146,2.1551307567383313,3.4099999999999997
341,2.189452280169978,2.155133776282523,3.42
342,2.189452292897695,2.1551368008140757,3.4299999999999997
343,2.1894523108939223,2.155139830329825,3.44
344,2.189452334156424,2.1551428648266135,3.4499999999999997
345,2.189452362682964,2.1551459043012966,3.46
346,2.189452396471307,2.15514894875074,3.4699999999999998
347,2.1894524355192235,2.1551519981718226,3.48
348,2.1894524798244817,2.155155052561431,3.4899999999999998
349,2.189452529384855,2.1551581119164642,3.5
350,2.1894525841981176,2.1551611762338276,3.51
351,2.1894526442620466,2.155164245510447,3.52
352,2.1894527095744203,2.1551673197432497,3.53
353,2.189452780133016,2.1551703989291755,3.54
354,2.18945285593562,2.1551734830651768,3.55
355,2.1894529369800164,2.1551765721482132,3.56
356,2.1894530232639893,2.155179666175257,3.57
357,2.18945311478533,2.155182765143291,3.58
358,2.189453211541826,2.1551858690493013,3.59
359,2.1894533135312724,2.155188977890301,3.5999999999999996
360,2.189453420751462,2.1551920916632943,3.61
361,2.1894535332001914,2.155195210365301,3.6199999999999997
362,2.1894536508752616,2.1551983339933596,3.63
363,2.1894537737744706,2.1552014625445066,3.6399999999999997
364,2.1894539018956216,2.155204596015792,3.65
365,2.1894540352365204,2.1552077344042826,3.6599999999999997
366,2.189454173794972,2.155210877707043,3.67
367,2.1894543175687877,2.1552140259211576,3.6799999999999997
368,2.1894544665557745,2.155217179043714,3.69
369,2.1894546207537484,2.1552203370718104,3.6999999999999997
370,2.189454780160521,2.1552235000025557,3.71
371,2.189454944773913,2.155226667833065,3.7199999999999998
372,2.1894551145917385,2.1552298405604713,3.73
373,2.189455289611822,2.155233018181908,3.7399999999999998
374,2.1894554698319837,2.155236200694517,3.75
375,2.1894556552500486,2.1552393880954566,3.76
376,2.189455845863846,2.1552425803818895,3.77
377,2.1894560416712014,2.155245777550987,3.78
378,2.1894562426699467,2.155248979599928,3.79
379,2.189456448857915,2.1552521865259067,3.8
380,2.18945666023294,2.155255398326122,3.81
381,2.18945687679286,2.1552586149977784,3.82
382,2.189457098535513,2.155261836538094,3.83
383,2.189457325458738,2.1552650629442947,3.84
384,2.18945755756038,2.1552682942136134,3.8499999999999996
385,2.189457794838283,2.155271530343289,3.86
386,2.189458037290293,2.1552747713305758,3.8699999999999997
387,2.1894582849142594,2.1552780171727326,3.88
388,2.1894585377080324,2.1552812678670232,3.8899999999999997
389,2.1894587956694656,2.1552845234107276,3.9
390,2.1894590587964116,2.1552877838011284,3.9099999999999997
391,2.189459327086728,2.1552910490355157,3.92
392,2.1894596005382745,2.1552943191111904,3.9299999999999997
393,2.189459879148909,2.1552975940254626,3.94
394,2.1894601629164963,2.1553008737756443,3.9499999999999997
395,2.1894604518389014,2.1553041583590655,3.96
396,2.1894607459139883,2.1553074477730556,3.9699999999999998
397,2.189461045139627,2.155310742014957,3.98
398,2.189461349513688,2.1553140410821117,3.9899999999999998
399,2.1894616590340443,2.155317344971884,4.0
400,2.1894619736985685,2.155320653681634,4.01
401,2.189462293505138,2.1553239672087283,4.02
402,2.189462618451631,2.1553272855505536,4.03
403,2.1894629485359283,2.1553306087044923,4.04
404,2.189463283755912,2.1553339366679376,4.05
405,2.1894636241094654,2.1553372694382933,4.06
406,2.1894639695944758,2.1553406070129695,4.07
407,2.189464320208831,2.15534394938938,4.08
408,2.189464675950422,2.1553472965649507,4.09
409,2.1894650368171384,2.1553506485371123,4.1
410,2.189465402806877,2.155354005303304,4.109999999999999
411,2.189465773917533,2.1553573668609705,4.12
412,2.189466150147004,2.155360733207566,4.13
413,2.1894665314931907,2.15536410434055,4.14
414,2.1894669179539936,2.1553674802573877,4.1499999999999995
415,2.1894673095273167,2.155370860955558,4.16
416,2.189467706211069,2.15537424643254,4.17
417,2.1894681080031533,2.1553776366858206,4.18
418,2.189468514901484,2.1553810317128965,4.1899999999999995
419,2.1894689269039698,2.1553844315112696,4.2
420,2.189469344008525,2.1553878360784493,4.21
421,2.189469766213066,2.1553912454119524,4.22
422,2.18947019351551,2.1553946595092985,4.2299999999999995
423,2.189470625913776,2.1553980783680204,4.24
424,2.1894710634057866,2.1554015019856516,4.25
425,2.1894715059894634,2.155404930359735,4.26
426,2.1894719536627325,2.155408363487822,4.27
427,2.189472406423522,2.155411801367466,4.28
428,2.189472864269761,2.1554152439962295,4.29
429,2.189473327199379,2.155418691371683,4.3
430,2.189473795210312,2.155422143491401,4.31
431,2.1894742683004917,2.155425600352966,4.32
432,2.1894747464678574,2.155429061953964,4.33
433,2.1894752297103475,2.1554325282919917,4.34
434,2.1894757180259035,2.1554359993646495,4.35
435,2.1894762114124666,2.155439475169541,4.36
436,2.189476709867982,2.1554429557042853,4.37
437,2.1894772133903984,2.155446440966497,4.38
438,2.1894777219776618,2.1554499309538038,4.39
439,2.189478235627724,2.1554534256638362,4.3999999999999995
440,2.189478754338537,2.1554569250942346,4.41
441,2.1894792781080556,2.155460429242641,4.42
442,2.189479806934236,2.155463938106703,4.43
443,2.1894803408150354,2.1554674516840793,4.4399999999999995
444,2.1894808797484173,2.1554709699724315,4.45
445,2.1894814237323397,2.1554744929694243,4.46
446,2.189481972764769,2.155478020672737,4.47
447,2.1894825268436717,2.155481553080043,4.4799999999999995
448,2.189483085967013,2.15548509018903,4.49
449,2.1894836501327655,2.15548863199739,4.5
450,2.1894842193388993,2.1554921785028185,4.51
451,2.1894847935833877,2.1554957297030155,4.52
452,2.1894853728642074,2.1554992855956923,4.53
453,2.189485957179336,2.1555028461785635,4.54
454,2.1894865465267515,2.1555064114493443,4.55
455,2.189487140904437,2.155509981405762,4.56
456,2.189487740310374,2.1555135560455474,4.57
457,2.189488344742551,2.155517135366436,4.58
458,2.18948895419895,2.1555207193661685,4.59
459,2.189489568677563,2.1555243080424917,4.6
460,2.1894901881763813,2.155527901393162,4.61
461,2.1894908126933945,2.15553149941593,4.62
462,2.1894914422266014,2.1555351021085642,4.63
463,2.189492076773996,2.155538709468831,4.64
464,2.189492716333578,2.1555423214945058,4.6499999999999995
465,2.189493360903348,2.155545938183363,4.66
466,2.1894940104813054,2.155549559533193,4.67
467,2.1894946650654585,2.15555318554178,4.68
468,2.1894953246538114,2.1555568162069223,4.6899999999999995
469,2.189495989244371,2.1555604515264175,4.7
470,2.1894966588351497,2.155564091498075,4.71
471,2.189497333424157,2.1555677361196968,4.72
472,2.1894980130094077,2.1555713853891048,4.7299999999999995
473,2.1894986975889186,2.1555750393041184,4.74
474,2.189499387160706,2.15557869786256,4.75
475,2.1895000817227874,2.155582361062263,4.76
476,2.1895007812731873,2.1555860289010598,4.77
477,2.189501485809927,2.155589701376792,4.78
478,2.1895021953310323,2.1555933784873056,4.79
479,2.1895029098345296,2.1555970602304497,4.8
480,2.1895036293184473,2.1556007466040787,4.81
481,2.189504353780819,2.155604437606055,4.82
482,2.1895050832196743,2.155608133234241,4.83
483,2.1895058176330497,2.155611833486506,4.84
484,2.1895065570189787,2.155615538360726,4.85
485,2.1895073013755026,2.1556192478547747,4.86
486,2.189508050700659,2.1556229619665412,4.87
487,2.189508804992492,2.155626680693916,4.88
488,2.1895095642490454,2.155630404034787,4.89
489,2.189510328468365,2.155634131987051,4.8999999999999995
490,2.1895110976484964,2.155637864548616,4.91
491,2.1895118717874924,2.1556416017173836,4.92
492,2.1895126508834006,2.155645343491269,4.93
493,2.1895134349342786,2.1556490898681897,4.9399999999999995
494,2.1895142239381777,2.1556528408460602,4.95
495,2.1895150178931573,2.155656596422812,4.96
496,2.189515816797278,2.155660356596371,4.97
497,2.189516620648595,2.155664121364674,4.9799999999999995
498,2.189517429445176,2.155667890725659,4.99
499,2.189518243185083,2.155671664677267,5.0
500,2.1895190618663847,2.155675443217448,5.01
501,2.189519885487147,2.1556792263441564,5.02
502,2.1895207140454405,2.1556830140553447,5.03
503,2.18952154753934,2.1556868063489736,5.04
504,2.189522385966916,2.1556906032230088,5.05
505,2.1895232293262445,2.155694404675421,5.06
506,2.1895240776154052,2.155698210704183,5.07
507,2.1895249308324756,2.155702021307274,5.08
508,2.189525788975538,2.1557058364826753,5.09
509,2.1895266520426766,2.1557096562283746,5.1
510,2.189527520031974,2.155713480542358,5.11
511,2.1895283929415204,2.155717309422629,5.12
512,2.189529270769401,2.155721142867176,5.13
513,2.189530153513708,2.155724980874014,5.14
514,2.189531041172536,2.155728823441142,5.1499999999999995
515,2.1895319337439756,2.1557326705665756,5.16
516,2.1895328312261246,2.1557365222483282,5.17
517,2.189533733617081,2.155740378484423,5.18
518,2.189534640914947,2.155744239272882,5.1899999999999995
519,2.1895355531178198,2.1557481046117295,5.2
520,2.189536470223807,2.1557519744990077,5.21
521,2.189537392231012,2.1557558489327406,5.22
522,2.189538319137543,2.1557597279109766,5.2299999999999995
523,2.189539250941509,2.1557636114317544,5.24
524,2.189540187641019,2.1557674994931295,5.25
525,2.1895411292341906,2.1557713920931474,5.26
526,2.1895420757191326,2.1557752892298665,5.27
527,2.1895430270939658,2.155779190901346,5.28
528,2.189543983356807,2.1557830971056537,5.29
529,2.189544944505778,2.1557870078408516,5.3
530,2.1895459105389983,2.155790923105015,5.31
531,2.1895468814545938,2.1557948428962184,5.32
532,2.1895478572506892,2.155798767212545,5.33
533,2.189548837925412,2.1558026960520706,5.34
534,2.1895498234768924,2.1558066294128877,5.35
535,2.189550813903262,2.1558105672930887,5.36
536,2.1895518092026514,2.155814509690763,5.37
537,2.1895528093731977,2.1558184566040133,5.38
538,2.189553814413038,2.155822408030943,5.39
539,2.18955482432031,2.1558263639696538,5.3999999999999995
540,2.1895558390931535,2.1558303244182584,5.41
541,2.189556858729712,2.155834289374871,5.42
542,2.1895578832281295,2.1558382588376075,5.43
543,2.189558912586552,2.1558422328045914,5.4399999999999995
544,2.1895599468031257,2.1558462112739445,5.45
545,2.189560985876001,2.1558501942437966,5.46
546,2.18956202980333,2.1558541817122814,5.47
547,2.1895630785832663,2.155858173677534,5.4799999999999995
548,2.1895641322139627,2.1558621701376905,5.49
549,2.1895651906935782,2.1558661710908984,5.5
550,2.18956625402027,2.155870176535303,5.51
551,2.1895673221922007,2.1558741864690547,5.52
552,2.189568395207531,2.1558782008903066,5.53
553,2.1895694730644264,2.155882219797219,5.54
554,2.18957055576105,2.1558862431879477,5.55
555,2.189571643295572,2.155890271060664,5.56
556,2.1895727356661627,2.1558943034135334,5.57
557,2.189573832870992,2.1558983402447285,5.58
558,2.1895749349082334,2.1559023815524223,5.59
559,2.1895760417760615,2.155906427334796,5.6
560,2.189577153472655,2.155910477590031,5.61
561,2.1895782699961903,2.1559145323163156,5.62
562,2.18957939134485,2.155918591511835,5.63
563,2.1895805175168155,2.1559226551747854,5.64
564,2.1895816485102704,2.1559267233033625,5.6499999999999995
565,2.1895827843234006,2.1559307958957685,5.66
566,2.1895839249543965,2.155934872950201,5.67
567,2.189585070401443,2.1559389544648733,5.68
568,2.189586220662737,2.1559430404379922,5.6899999999999995
569,2.1895873757364663,2.1559471308677707,5.7
570,2.1895885356208304,2.15595122575243,5.71
571,2.1895897003140234,2.1559553250901864,5.72
572,2.189590869814245,2.155959428879264,5.7299999999999995
573,2.189592044119695,2.155963537117894,5.74
574,2.189593223228576,2.1559676498043054,5.75
575,2.1895944071390923,2.155971766936731,5.76
576,2.189595595849448,2.155975888513409,5.77
577,2.189596789357853,2.155980014532581,5.78
578,2.1895979876625162,2.1559841449924897,5.79
579,2.189599190761648,2.1559882798913845,5.8
580,2.189600398653462,2.1559924192275153,5.81
581,2.1896016113361725,2.1559965629991384,5.82
582,2.189602828807997,2.1560007112045083,5.83
583,2.189604051067154,2.1560048638418876,5.84
584,2.1896052781118627,2.156009020909541,5.85
585,2.1896065099403463,2.156013182405735,5.86
586,2.189607746550827,2.15601734832874,5.87
587,2.189608987941531,2.156021518676832,5.88
588,2.1896102341106873,2.1560256934482886,5.89
589,2.189611485056523,2.1560298726413896,5.8999999999999995
590,2.189612740777271,2.1560340562544167,5.91
591,2.1896140012711616,2.1560382442856607,5.92
592,2.1896152665364323,2.1560424367334132,5.93
593,2.1896165365713176,2.156046633595964,5.9399999999999995
594,2.1896178113740556,2.1560508348716136,5.95
595,2.1896190909428865,2.156055040558657,5.96
596,2.1896203752760526,2.156059250655405,5.97
597,2.1896216643717956,2.156063465160159,5.9799999999999995
598,2.1896229582283637,2.1560676840712314,5.99
599,2.189624256844003,2.156071907386934,6.0
600,2.1896255602169616,2.156076135105585,6.01
601,2.1896268683454894,2.156080367225503,6.02
602,2.1896281812278406,2.156084603745014,6.03
603,2.189629498862269,2.1560888446624356,6.04
604,2.1896308212470283,2.156093089976107,6.05
605,2.189632148380381,2.1560973396843566,6.06
606,2.1896334802605826,2.156101593785519,6.07
607,2.189634816885896,2.1561058522779355,6.08
608,2.1896361582545842,2.1561101151599473,6.09
609,2.189637504364912,2.1561143824298963,6.1
610,2.1896388552151462,2.156118654086136,6.11
611,2.189640210803556,2.156122930127014,6.12
612,2.1896415711284085,2.156127210550891,6.13
613,2.189642936187981,2.156131495356118,6.14
614,2.1896443059805426,2.1561357845410596,6.15
615,2.1896456805043716,2.1561400781040803,6.16
616,2.1896470597577444,2.1561443760435473,6.17
617,2.1896484437389394,2.1561486783578263,6.18
618,2.1896498324462392,2.156152985045302,6.1899999999999995
619,2.189651225877924,2.1561572961043423,6.2
620,2.189652624032281,2.156161611533327,6.21
621,2.1896540269075953,2.156165931330645,6.22
622,2.1896554345021535,2.156170255494681,6.2299999999999995
623,2.1896568468142483,2.1561745840238205,6.24
624,2.1896582638421687,2.15617891691646,6.25
625,2.1896596855842096,2.156183254170994,6.26
626,2.189661112038664,2.1561875957858216,6.27
627,2.189662543203831,2.156191941759347,6.28
628,2.1896639790780075,2.15619629208997,6.29
629,2.1896654196594962,2.1562006467761035,6.3
630,2.1896668649465956,2.1562050058161564,6.31
631,2.1896683149376135,2.156209369208547,6.32
632,2.1896697696308522,2.1562137369516874,6.33
633,2.189671229024623,2.1562181090440014,6.34
634,2.189672693117231,2.1562224854839145,6.35
635,2.1896741619069884,2.156226866269852,6.36
636,2.1896756353922093,2.1562312514002437,6.37
637,2.189677113571208,2.156235640873523,6.38
638,2.1896785964422993,2.156240034688127,6.39
639,2.189680084003802,2.156244432842496,6.4
640,2.189681576254037,2.156248835335069,6.41
641,2.189683073191324,2.1562532421642975,6.42
642,2.1896845748139873,2.156257653328625,6.43
643,2.1896860811203522,2.156262068826507,6.4399999999999995
644,2.1896875921087453,2.1562664886563967,6.45
645,2.1896891077774945,2.156270912816754,6.46
646,2.1896906281249304,2.156275341306039,6.47
647,2.1896921531493847,2.1562797741227193,6.4799999999999995
648,2.1896936828491933,2.1562842112652554,6.49
649,2.189695217222689,2.1562886527321266,6.5
650,2.18969675626821,2.1562930985218007,6.51
651,2.189698299984099,2.156297548632757,6.52
652,2.1896998483686914,2.156302003063477,6.53
653,2.189701401420333,2.156306461812441,6.54
654,2.189702959137367,2.156310924878138,6.55
655,2.1897045215181405,2.156315392259056,6.56
656,2.1897060885610005,2.15631986395369,6.57
657,2.1897076602642973,2.1563243399605314,6.58
658,2.189709236626383,2.1563288202780835,6.59
659,2.1897108176456093,2.1563333049048454,6.6
660,2.1897124033203315,2.1563377938393256,6.61
661,2.189713993648907,2.1563422870800295,6.62
662,2.189715588629692,2.1563467846254705,6.63
663,2.18971718826105,2.156351286474162,6.64
664,2.1897187925413415,2.1563557926246224,6.65
665,2.1897204014689287,2.1563603030753726,6.66
666,2.1897220150421797,2.1563648178249375,6.67
667,2.18972363325946,2.1563693368718417,6.68
668,2.189725256119138,2.1563738602146194,6.6899999999999995
669,2.1897268836195862,2.1563783878518024,6.7
670,2.189728515759175,2.156382919781926,6.71
671,2.1897301525362787,2.1563874560035345,6.72
672,2.189731793949277,2.1563919965151674,6.7299999999999995
673,2.1897334399965427,2.156396541315373,6.74
674,2.1897350906764577,2.1564010904026962,6.75
675,2.1897367459874024,2.1564056437756975,6.76
676,2.1897384059277587,2.156410201432926,6.77
677,2.189740070495915,2.156414763372947,6.78
678,2.1897417396902528,2.156419329594315,6.79
679,2.189743413509165,2.156423900095604,6.8
680,2.1897450919510373,2.156428474875377,6.81
681,2.1897467750142647,2.156433053932206,6.82
682,2.189748462697239,2.1564376372646703,6.83
683,2.1897501549983547,2.1564422248713444,6.84
684,2.1897518519160095,2.1564468167508104,6.85
685,2.189753553448602,2.1564514129016534,6.86
686,2.189755259594533,2.1564560133224644,6.87
687,2.1897569703522057,2.1564606180118298,6.88
688,2.1897586857200197,2.156465226968348,6.89
689,2.1897604056963837,2.1564698401906135,6.9
690,2.189762130279705,2.1564744576772314,6.91
691,2.1897638594683935,2.1564790794268034,6.92
692,2.1897655932608573,2.1564837054379398,6.93
693,2.1897673316555126,2.1564883357092457,6.9399999999999995
694,2.1897690746507705,2.156492970239339,6.95
695,2.1897708222450474,2.1564976090268413,6.96
696,2.189772574436763,2.156502252070363,6.97
697,2.1897743312243367,2.1565068993685395,6.9799999999999995
698,2.1897760926061864,2.1565115509199906,6.99
699,2.1897778585807397,2.156516206723349,7.0
700,2.1897796291464187,2.1565208667772495,7.01
701,2.189781404301651,2.156525531080329,7.02
702,2.1897831840448614,2.1565301996312267,7.03
703,2.1897849683744868,2.1565348724285895,7.04
704,2.1897867572889522,2.1565395494710615,7.05
705,2.189788550786696,2.1565442307572953,7.06
706,2.1897903488661514,2.156548916285945,7.07
707,2.1897921515257543,2.156553606055667,7.08
708,2.1897939587639454,2.1565583000651247,7.09
709,2.189795770579163,2.156562998312978,7.1
710,2.18979758696985,2.156567700797897,7.11
711,2.1897994079344514,2.156572407518552,7.12
712,2.1898012334714125,2.1565771184736193,7.13
713,2.1898030635791796,2.1565818336617726,7.14
714,2.189804898256205,2.1565865530816977,7.15
715,2.1898067375009345,2.1565912767320765,7.16
716,2.1898085813118255,2.1565960046115995,7.17
717,2.189810429687329,2.1566007367189517,7.18
718,2.189812282625903,2.1566054730528403,7.1899999999999995
719,2.189814140126005,2.156610213611949,7.2
720,2.1898160021860944,2.15661495839499,7.21
721,2.189817868804633,2.1566197074006657,7.22
722,2.1898197399800825,2.1566244606276825,7.2299999999999995
723,2.1898216157109083,2.1566292180747584,7.24
724,2.189823495995579,2.1566339797406044,7.25
725,2.189825380832561,2.1566387456239413,7.26
726,2.1898272702203228,2.1566435157234927,7.27
727,2.1898291641573384,2.1566482900379844,7.28
728,2.189831062642082,2.1566530685661465,7.29
729,2.189832965673027,2.1566578513067114,7.3
730,2.189834873248651,2.1566626382584198,7.31
731,2.189836785367433,2.1566674294200086,7.32
732,2.1898387020278536,2.1566722247902224,7.33
733,2.1898406232283945,2.1566770243678146,7.34
734,2.18984254896754,2.156681828151528,7.35
735,2.189844479243776,2.1566866361401225,7.36
736,2.1898464140555887,2.1566914483323574,7.37
737,2.1898483534014694,2.156696264726994,7.38
738,2.189850297279907,2.1567010853227955,7.39
739,2.189852245689396,2.156705910118535,7.4
740,2.1898541986284297,2.1567107391129867,7.41
741,2.189856156095503,2.1567155723049245,7.42
742,2.189858118089117,2.1567204096931305,7.43
743,2.1898600846077683,2.156725251276387,7.4399999999999995
744,2.189862055649961,2.156730097053484,7.45
745,2.1898640312141966,2.156734947023214,7.46
746,2.1898660112989794,2.1567398011843704,7.47
747,2.189867995902817,2.156744659535754,7.4799999999999995
748,2.1898699850242176,2.156749522076166,7.49
749,2.189871978661692,2.156754388804416,7.5
750,2.1898739768137503,2.1567592597193097,7.51
751,2.1898759794789084,2.1567641348196664,7.52
752,2.189877986655679,2.1567690141043006,7.53
753,2.18987999834258,2.156773897572037,7.54
754,2.1898820145381332,2.1567787852216984,7.55
755,2.1898840352408557,2.156783677052114,7.56
756,2.189886060449271,2.156788573062121,7.57
757,2.1898880901619027,2.156793473250552,7.58
758,2.189890124377277,2.1567983776162487,7.59
759,2.189892163093921,2.1568032861580586,7.6
760,2.189894206310364,2.1568081988748276,7.61
761,2.1898962540251388,2.156813115765411,7.62
762,2.1898983062367767,2.1568180368286596,7.63
763,2.1899003629438125,2.1568229620634414,7.64
764,2.189902424144783,2.156827891468618,7.65
765,2.189904489838225,2.156832825043054,7.66
766,2.1899065600226786,2.1568377627856243,7.67
767,2.189908634696687,2.1568427046952037,7.68
768,2.1899107138587923,2.1568476507706746,7.6899999999999995
769,2.189912797507539,2.156852601010919,7.7
770,2.189914885641474,2.1568575554148253,7.71
771,2.1899169782591477,2.156862513981285,7.72
772,2.189919075359108,2.1568674767091958,7.7299999999999995
773,2.189921176939908,2.1568724435974547,7.74
774,2.1899232830001023,2.1568774146449696,7.75
775,2.1899253935382457,2.1568823898506433,7.76
776,2.1899275085528944,2.156887369213394,7.77
777,2.18992962804261,2.15689235273213,7.78
778,2.1899317520059522,2.15689734040578,7.79
779,2.189933880441483,2.1569023322332637,7.8
780,2.1899360133477668,2.1569073282135083,7.81
781,2.1899381507233695,2.156912328345448,7.82
782,2.1899402925668614,2.156917332628019,7.83
783,2.189942438876809,2.156922341060164,7.84
784,2.189944589651785,2.156927353640821,7.85
785,2.1899467448903622,2.1569323703689465,7.86
786,2.189948904591116,2.15693739124349,7.87
787,2.1899510687526242,2.1569424162634085,7.88
788,2.189953237373463,2.1569474454276643,7.89
789,2.189955410452213,2.1569524787352226,7.9
790,2.1899575879874575,2.156957516185052,7.91
791,2.189959769977779,2.156962557776126,7.92
792,2.189961956421764,2.1569676035074257,7.93
793,2.189964147317998,2.1569726533779288,7.94
794,2.189966342665073,2.156977707386625,7.95
795,2.1899685424615765,2.1569827655325025,7.96
796,2.1899707467061034,2.156987827814559,7.97
797,2.189972955397244,2.156992894231791,7.9799999999999995
798,2.189975168533602,2.1569979647832027,7.99
799,2.1899773861137684,2.1570030394678,8.0
800,2.1899796081363463,2.1570081182845975,8.01
801,2.1899818345999345,2.157013201232611,8.02
802,2.189984065503139,2.157018288310856,8.03
803,2.1899863008445632,2.1570233795183626,8.04
804,2.1899885406228146,2.1570284748541573,8.05
805,2.1899907848365,2.157033574317272,8.06
806,2.1899930334842304,2.1570386779067467,8.07
807,2.18999528656462,2.157043785621621,8.08
808,2.1899975440762813,2.1570488974609416,8.09
809,2.1899998060178274,2.157054013423756,8.1
810,2.190002072387879,2.157059133509123,8.11
811,2.1900043431850533,2.157064257716099,8.12
812,2.190006618407972,2.157069386043746,8.13
813,2.1900088980552574,2.1570745184911337,8.14
814,2.1900111821255366,2.157079655057333,8.15
815,2.1900134706174326,2.15708479574142,8.16
816,2.190015763529575,2.157089940542473,8.17
817,2.1900180608605933,2.1570950894595793,8.18
818,2.190020362609118,2.1571002424918246,8.19
819,2.1900226687737834,2.157105399638304,8.2
820,2.1900249793532263,2.157110560898118,8.209999999999999
821,2.190027294346083,2.1571157262703604,8.22
822,2.1900296137509905,2.1571208957541455,8.23
823,2.190031937566591,2.157126069348578,8.24
824,2.1900342657915264,2.1571312470527766,8.25
825,2.1900365984244416,2.157136428865856,8.26
826,2.190038935463982,2.1571416147869433,8.27
827,2.190041276908794,2.1571468048151625,8.28
828,2.190043622757531,2.1571519989496504,8.29
829,2.1900459730088397,2.1571571971895365,8.3
830,2.190048327661377,2.1571623995339655,8.31
831,2.190050686713798,2.157167605982079,8.32
832,2.1900530501647566,2.15717281653303,8.33
833,2.1900554180129115,2.1571780311859694,8.34
834,2.190057790256926,2.157183249940053,8.35
835,2.1900601668954596,2.1571884727944415,8.36
836,2.190062547927178,2.157193699748305,8.37
837,2.190064933350747,2.1571989308008086,8.38
838,2.1900673231648335,2.1572041659511307,8.39
839,2.1900697173681074,2.1572094051984467,8.4
840,2.190072115959239,2.1572146485419377,8.41
841,2.1900745189369015,2.157219895980789,8.42
842,2.190076926299772,2.1572251475142,8.43
843,2.1900793380465253,2.157230403141356,8.44
844,2.19008175417584,2.1572356628614617,8.45
845,2.190084174686397,2.1572409266737154,8.459999999999999
846,2.190086599576879,2.1572461945773274,8.47
847,2.1900890288459673,2.1572514665715072,8.48
848,2.1900914624923504,2.157256742655472,8.49
849,2.1900939005147158,2.1572620228284354,8.5
850,2.190096342911752,2.157267307089625,8.51
851,2.1900987896821515,2.157272595438265,8.52
852,2.1901012408246046,2.1572778878735903,8.53
853,2.1901036963378107,2.1572831843948315,8.54
854,2.190106156220464,2.1572884850012297,8.55
855,2.1901086204712628,2.1572937896920226,8.56
856,2.1901110890889086,2.157299098466462,8.57
857,2.190113562072103,2.157304411323794,8.58
858,2.190116039419551,2.1573097282632783,8.59
859,2.1901185211299588,2.157315049284163,8.6
860,2.1901210072020323,2.1573203743857157,8.61
861,2.190123497634483,2.157325703567203,8.62
862,2.190125992426023,2.1573310368278866,8.63
863,2.190128491575365,2.157336374167042,8.64
864,2.1901309950812213,2.1573417155839456,8.65
865,2.190133502942314,2.157347061077875,8.66
866,2.1901360151573597,2.157352410648112,8.67
867,2.1901385317250788,2.157357764293943,8.68
868,2.190141052644194,2.1573631220146563,8.69
869,2.190143577913431,2.1573684838095493,8.7
870,2.190146107531516,2.15737384967791,8.71
871,2.1901486414971765,2.1573792196190444,8.72
872,2.190151179809142,2.157384593632253,8.73
873,2.190153722466147,2.1573899717168348,8.74
874,2.190156269466923,2.157395353872108,8.75
875,2.190158820810207,2.157400740097376,8.76
876,2.1901613764947356,2.1574061303919607,8.77
877,2.19016393651925,2.1574115247551737,8.78
878,2.1901665008824907,2.157416923186334,8.79
879,2.1901690695831997,2.1574223256847698,8.8
880,2.190171642620123,2.1574277322498063,8.81
881,2.190174219992009,2.1574331428807687,8.82
882,2.190176801697606,2.1574385575769903,8.83
883,2.1901793877356637,2.157443976337801,8.84
884,2.1901819781049343,2.1574493991625454,8.85
885,2.190184572804175,2.157454826050554,8.86
886,2.1901871718321417,2.157460257001168,8.87
887,2.1901897751875907,2.1574656920137354,8.88
888,2.190192382869283,2.1574711310875996,8.89
889,2.1901949948759825,2.1574765742221063,8.9
890,2.1901976112064525,2.157482021416609,8.91
891,2.190200231859458,2.1574874726704505,8.92
892,2.1902028568337673,2.157492927982996,8.93
893,2.190205486128151,2.1574983873535953,8.94
894,2.1902081197413814,2.157503850781602,8.95
895,2.1902107576722285,2.1575093182663805,8.96
896,2.1902133999194726,2.1575147898072875,8.97
897,2.19021604648189,2.1575202654036865,8.98
898,2.190218697358258,2.157525745054943,8.99
899,2.1902213525473595,2.157531228760417,9.0
900,2.1902240120479766,2.157536716519476,9.01
901,2.190226675858897,2.1575422083314884,9.02
902,2.1902293439789053,2.157547704195819,9.03
903,2.1902320164067923,2.1575532041118404,9.04
904,2.1902346931413494,2.1575587080789207,9.05
905,2.1902373741813657,2.1575642160964295,9.06
906,2.190240059525641,2.1575697281637396,9.07
907,2.1902427491729695,2.157575244280219,9.08
908,2.190245443122151,2.157580764445247,9.09
909,2.190248141371986,2.1575862886581905,9.1
910,2.1902508439212767,2.1575918169184236,9.11
911,2.19025355076883,2.157597349225319,9.12
912,2.190256261913448,2.157602885578249,9.13
913,2.1902589773539436,2.1576084259765897,9.14
914,2.190261697089127,2.157613970419711,9.15
915,2.190264421117809,2.157619518906986,9.16
916,2.190267149438804,2.157625071437785,9.17
917,2.19026988205093,2.1576306280114834,9.18
918,2.190272618953004,2.157636188627448,9.19
919,2.1902753601438487,2.1576417532850485,9.2
920,2.190278105622284,2.1576473219836596,9.21
921,2.1902808553871367,2.1576528947226423,9.22
922,2.1902836094372313,2.157658471501369,9.23
923,2.1902863677713977,2.1576640523192014,9.24
924,2.1902891303884653,2.157669637175508,9.25
925,2.190291897287266,2.1576752260696463,9.26
926,2.190294668466636,2.1576808190009844,9.27
927,2.1902974439254117,2.157686415968876,9.28
928,2.1903002236624287,2.157692016972681,9.29
929,2.19030300767653,2.157697622011754,9.3
930,2.190305795966558,2.1577032310854496,9.31
931,2.190308588531358,2.1577088441931203,9.32
932,2.1903113853697738,2.157714461334113,9.33
933,2.1903141864806557,2.1577200825077725,9.34
934,2.1903169918628533,2.157725707713444,9.35
935,2.190319801515222,2.1577313369504703,9.36
936,2.190322615436612,2.1577369702181874,9.37
937,2.190325433625884,2.157742607515928,9.38
938,2.190328256081895,2.157748248843027,9.39
939,2.1903310828035067,2.1577538941988137,9.4
940,2.190333913789579,2.157759543582609,9.41
941,2.1903367490389805,2.157765196993736,9.42
942,2.1903395885505774,2.1577708544315155,9.43
943,2.190342432323236,2.1577765158952547,9.44
944,2.1903452803558316,2.157782181384266,9.45
945,2.190348132647234,2.157787850897857,9.46
946,2.190350989196319,2.157793524435326,9.47
947,2.190353850001966,2.1577992019959757,9.48
948,2.190356715063052,2.1578048835790873,9.49
949,2.1903595843784602,2.1578105691839573,9.5
950,2.1903624579470735,2.1578162588098677,9.51
951,2.190365335767777,2.157821952456093,9.52
952,2.1903682178394583,2.1578276501219076,9.53
953,2.1903711041610077,2.1578333518065773,9.54
954,2.1903739947313188,2.1578390575093676,9.55
955,2.1903768895492832,2.1578447672295322,9.56
956,2.1903797886137992,2.1578504809663226,9.57
957,2.1903826919237637,2.157856198718986,9.58
958,2.190385599478076,2.1578619204867575,9.59
959,2.1903885112756427,2.157867646268875,9.6
960,2.190391427315364,2.1578733760645616,9.61
961,2.1903943475961514,2.1578791098730417,9.62
962,2.190397272116909,2.157884847693527,9.63
963,2.1904002008765495,2.157890589525226,9.64
964,2.1904031338739864,2.1578963353673393,9.65
965,2.190406071108137,2.1579020852190656,9.66
966,2.1904090125779176,2.157907839079588,9.67
967,2.1904119582822466,2.1579135969480885,9.68
968,2.190414908220048,2.1579193588237393,9.69
969,2.1904178623902433,2.1579251247057094,9.7
970,2.1904208207917613,2.1579308945931546,9.71
971,2.1904237834235287,2.1579366684852275,9.72
972,2.1904267502844776,2.157942446381071,9.73
973,2.1904297213735395,2.1579482282798237,9.74
974,2.1904326966896503,2.1579540141806097,9.75
975,2.190435676231746,2.1579598040825534,9.76
976,2.1904386599987666,2.157965597984765,9.77
977,2.1904416479896542,2.157971395886349,9.78
978,2.1904446402033524,2.1579771977864004,9.79
979,2.1904476366388055,2.157983003684009,9.8
980,2.1904506372949646,2.1579888135782497,9.81
981,2.1904536421707785,2.1579946274681965,9.82
982,2.1904566512652006,2.158000445352912,9.83
983,2.190459664577185,2.158006267231448,9.84
984,2.1904626821056894,2.15801209310285,9.85
985,2.1904657038496733,2.1580179229661542,9.86
986,2.1904687298080985,2.1580237568203855,9.87
987,2.1904717599799293,2.158029594664564,9.88
988,2.1904747943641296,2.158035436497696,9.89
989,2.1904778329596715,2.1580412823187833,9.9
990,2.1904808757655223,2.158047132126817,9.91
991,2.1904839227806576,2.1580529859207775,9.92
992,2.1904869740040507,2.1580588436996333,9.93
993,2.1904900294346805,2.1580647054623534,9.94
994,2.190493089071527,2.158070571207885,9.95
995,2.190496152913571,2.1580764409351745,9.96
996,2.1904992209597998,2.158082314643154,9.97
997,2.1905022932091978,2.158088192330751,9.98
998,2.1905053696607535,2.1580940739968786,9.99
999,2.1905084503134598,2.1580999596404418,10.0
